"","X","star","population","homi","WiFi","RestaurantsAttire","Alcohol","NoiseLevel","OutdoorSeating","RestaurantsDelivery","GoodForKids","RestaurantsPriceRange2","Smoking"
"1",1,4.5,2873,104.4204664,"free","casual","none","average","FALSE","TRUE",FALSE,3,NA
"2",2,4.5,2873,104.4204664,"no",NA,"none",NA,"TRUE","TRUE",TRUE,NA,NA
"3",3,4,2603,38.41721091,NA,NA,"none",NA,"TRUE","FALSE",NA,NA,NA
"4",4,4,5507,54.4761213,"no","casual","none","quiet","FALSE","TRUE",TRUE,1,NA
"5",5,4,2803,392.436675,"no","casual","none","average","FALSE","FALSE",TRUE,1,NA
"6",6,4,3967,781.4469372,"no","casual","none","average","FALSE","TRUE",TRUE,1,NA
"7",7,4,2682,74.57121551,"no","casual","none","average","TRUE","TRUE",TRUE,1,NA
"8",8,3.5,1681,59.48839976,"no","casual","none","average","FALSE","TRUE",TRUE,1,NA
"9",9,4,2682,74.57121551,"no","casual","none","average","TRUE","TRUE",TRUE,1,NA
"10",10,3.5,1826,109.5290252,"no","casual","full_bar","average","FALSE","TRUE",TRUE,2,NA
"11",11,4.5,4324,115.6336725,"free",NA,"none",NA,"TRUE","TRUE",NA,NA,NA
"12",12,4.5,4324,115.6336725,"no","casual","none","average","FALSE","FALSE",TRUE,2,NA
"13",13,4,3169,220.8898706,"no","casual","none","loud","FALSE","TRUE",TRUE,1,NA
"14",14,3.5,2873,104.4204664,"no","casual","full_bar","average","FALSE","TRUE",TRUE,2,NA
"15",15,3.5,6040,66.22516556,"no","casual","full_bar","average","FALSE","FALSE",TRUE,2,NA
"16",16,3,2884,312.0665742,"no","casual","beer_and_wine","average","TRUE","TRUE",TRUE,1,NA
"17",17,4.5,3609,27.70850651,"no","casual","full_bar","average","TRUE","TRUE",FALSE,2,NA
"18",18,3.5,4244,141.3760603,"no","casual","none","quiet","FALSE","TRUE",TRUE,1,NA
"19",19,2.5,1433,279.1346825,"no","casual","none","quiet","FALSE","TRUE",TRUE,1,NA
"20",20,3.5,1781,0,"no","casual","none","average","FALSE","TRUE",TRUE,1,NA
"21",21,3.5,1781,0,"no","casual","full_bar","average","TRUE","TRUE",TRUE,1,"no"
"22",22,4,2922,68.44626968,"free","casual","beer_and_wine","average","TRUE","TRUE",TRUE,2,NA
"23",23,4,5231,95.58401835,"no","casual","none","average","FALSE","TRUE",TRUE,1,NA
"24",24,4,2884,312.0665742,"no","casual","beer_and_wine","average","FALSE","TRUE",TRUE,1,NA
"25",25,4.5,2803,392.436675,"free",NA,"none",NA,"TRUE","TRUE",NA,NA,NA
"26",26,3.5,3609,27.70850651,"free",NA,"none",NA,"TRUE","TRUE",NA,NA,NA
"27",27,4.5,2659,0,"no","dressy","full_bar","average","TRUE","None",FALSE,4,NA
"28",28,3.5,1265,1343.873518,"no","casual",NA,"quiet","None","TRUE",NA,1,NA
"29",29,4,5507,54.4761213,"free","casual","none","average","TRUE","TRUE",TRUE,2,NA
"30",30,4.5,4998,40.0160064,"no","casual","none","average","TRUE","FALSE",TRUE,1,NA
"31",31,4,2504,479.2332268,"no","casual","full_bar","average","TRUE","None",FALSE,2,"yes"
"32",32,3,2803,392.436675,"free","casual","none","average","TRUE","TRUE",TRUE,1,NA
"33",33,3.5,2125,470.5882353,"free","casual","none","average","FALSE","TRUE",FALSE,2,NA
"34",34,3.5,3478,287.5215641,"free","casual","full_bar","average","TRUE","TRUE",TRUE,2,NA
"35",35,5,4998,40.0160064,NA,NA,NA,NA,NA,"",NA,NA,NA
"36",36,4,6599,45.46143355,"no","casual","full_bar","average","FALSE","FALSE",TRUE,2,NA
"37",37,3,5766,121.4013181,"free","casual","none","average","FALSE","TRUE",TRUE,2,NA
"38",38,4.5,4998,40.0160064,"free","casual","none","average","TRUE","FALSE",TRUE,1,NA
"39",39,3,2682,74.57121551,"no","casual","full_bar","average","TRUE","TRUE",TRUE,2,NA
"40",40,4,3169,220.8898706,NA,"casual","none",NA,"FALSE","TRUE",NA,NA,NA
"41",41,4.5,2873,104.4204664,NA,NA,NA,NA,NA,"TRUE",NA,NA,NA
"42",42,3,7662,65.25711303,"free","casual","full_bar","average","FALSE","TRUE",TRUE,2,NA
"43",43,2.5,13,0,"free",NA,NA,NA,NA,"FALSE",FALSE,2,NA
"44",44,4,2682,74.57121551,"free","casual","none","average","FALSE","TRUE",TRUE,2,NA
"45",45,3.5,1826,109.5290252,"free","casual","none","average","FALSE","FALSE",TRUE,1,NA
"46",46,4,3609,27.70850651,"free","casual","beer_and_wine","average","None","TRUE",TRUE,2,NA
"47",47,3.5,3201,406.1230865,"free","casual","none","average","FALSE","TRUE",TRUE,2,NA
"48",48,4.5,2586,38.66976025,NA,NA,NA,NA,NA,"None",NA,NA,NA
"49",49,4.5,3478,287.5215641,NA,NA,NA,NA,"TRUE","",NA,NA,NA
"50",50,4,3142,159.1343094,"free","casual","none","loud","FALSE","TRUE",TRUE,2,NA
"51",51,2.5,3611,553.8631958,NA,NA,NA,NA,NA,"",NA,NA,NA
"52",52,3,3609,27.70850651,"free","casual","full_bar","average","TRUE","FALSE",TRUE,2,"no"
"53",53,4,2682,74.57121551,"free",NA,NA,NA,"TRUE","TRUE",NA,2,NA
"54",54,4,2603,38.41721091,"free","dressy","full_bar","average","TRUE","TRUE",FALSE,2,"no"
"55",55,5,2504,479.2332268,"no","casual","none",NA,"TRUE","TRUE",FALSE,1,NA
"56",56,4.5,2125,470.5882353,NA,"casual",NA,NA,"FALSE","FALSE",NA,NA,NA
"57",57,4,2631,988.2174078,"no","casual","none",NA,"FALSE","TRUE",TRUE,1,NA
"58",58,3.5,2631,988.2174078,"no","casual","none","average","FALSE","TRUE",TRUE,2,NA
"59",59,4,2603,38.41721091,"no","casual","full_bar","average","TRUE","TRUE",TRUE,2,NA
"60",60,4,3609,27.70850651,"no",NA,"full_bar","average","TRUE","TRUE",NA,NA,NA
"61",61,3.5,3609,27.70850651,"free","dressy","none","average","TRUE","TRUE",FALSE,2,NA
"62",62,3,4998,40.0160064,NA,"casual","none",NA,"TRUE","TRUE",FALSE,2,NA
"63",63,4,4998,40.0160064,"no","casual","full_bar","average","FALSE","TRUE",TRUE,2,NA
"64",64,3,2682,74.57121551,"free","casual","none","average","FALSE","TRUE",TRUE,2,NA
"65",65,4,7662,65.25711303,"no","casual","full_bar","average","TRUE","TRUE",FALSE,3,NA
"66",66,3.5,2682,74.57121551,"free","casual","none","average","TRUE","TRUE",TRUE,2,NA
"67",67,4,7662,65.25711303,NA,NA,NA,NA,NA,"",NA,NA,NA
"68",68,4.5,2125,470.5882353,"free","casual","full_bar","average","TRUE","TRUE",TRUE,2,NA
"69",69,3.5,2803,392.436675,"no",NA,"none",NA,NA,"FALSE",NA,1,NA
"70",70,1.5,6755,88.823094,"no","casual","none","quiet","FALSE","TRUE",TRUE,1,NA
"71",71,4.5,3609,27.70850651,NA,"casual","full_bar","average","TRUE","FALSE",NA,3,"no"
"72",72,3,6599,45.46143355,"no","casual","none","average","FALSE","TRUE",TRUE,2,NA
"73",73,3,3675,244.8979592,"no","casual","none","quiet","FALSE","TRUE",TRUE,1,NA
"74",74,4,3478,287.5215641,"free",NA,NA,NA,NA,"TRUE",NA,NA,NA
"75",75,4.5,3609,27.70850651,"no","casual","none","average","TRUE","TRUE",FALSE,3,NA
"76",76,4,2542,354.0519276,"no","casual","none","average","TRUE","FALSE",FALSE,2,NA
"77",77,4.5,4437,563.4437683,"free",NA,"none",NA,"TRUE","TRUE",NA,NA,NA
"78",78,4.5,3570,280.1120448,"free",NA,"full_bar","average","TRUE","FALSE",NA,NA,NA
"79",79,4,2603,38.41721091,"no","casual","full_bar","average","None","TRUE",FALSE,2,NA
"80",80,4,2125,470.5882353,"free","casual","none","average","None","None",TRUE,2,NA
"81",81,3.5,3142,159.1343094,"free","casual","full_bar","average","None","TRUE",TRUE,2,"no"
"82",82,2,3478,287.5215641,"no","casual","full_bar","average","FALSE","FALSE",TRUE,2,NA
"83",83,4,6599,45.46143355,NA,"casual","beer_and_wine","average","FALSE","TRUE",TRUE,1,NA
"84",84,3.5,5507,54.4761213,"no","casual","full_bar","average","TRUE","TRUE",TRUE,2,NA
"85",85,2.5,2741,72.96607078,"no","casual","none","very_loud","FALSE","TRUE",TRUE,1,NA
"86",86,4.5,2873,104.4204664,"free",NA,"full_bar","average","TRUE","FALSE",NA,NA,NA
"87",87,3,NA,NA,"free","casual","none","average","TRUE","TRUE",TRUE,1,NA
"88",88,4,3169,220.8898706,"free","casual","none","average","FALSE","TRUE",TRUE,1,NA
"89",89,3.5,3609,27.70850651,"no","casual","none","average","TRUE","TRUE",FALSE,2,NA
"90",90,3.5,2603,38.41721091,"free","casual","full_bar","average","TRUE","TRUE",FALSE,2,"no"
"91",91,4.5,2682,74.57121551,"no",NA,"full_bar",NA,NA,"FALSE",FALSE,3,NA
"92",92,4.5,2884,312.0665742,"no","casual","none","average","TRUE","FALSE",TRUE,1,NA
"93",93,4,2884,312.0665742,"free","casual","full_bar","average","FALSE","TRUE",FALSE,2,NA
"94",94,4,2682,74.57121551,"no","casual","full_bar","average","FALSE","TRUE",TRUE,2,NA
"95",95,3.5,3609,27.70850651,"no","casual","none","loud","TRUE","TRUE",FALSE,2,NA
"96",96,3.5,2125,470.5882353,"no","casual","none","average","TRUE","FALSE",FALSE,3,NA
"97",97,4.5,2125,470.5882353,"free","casual","beer_and_wine","average","TRUE","TRUE",FALSE,3,"no"
"98",98,3,3201,406.1230865,"no","casual","full_bar","loud","TRUE","TRUE",TRUE,2,NA
"99",99,4,74,0,NA,"casual","none","average","TRUE","TRUE",TRUE,1,NA
"100",100,3,2873,104.4204664,"free",NA,"none",NA,"TRUE","TRUE",NA,NA,NA
"101",101,4.5,5766,121.4013181,"free","casual","none","average","FALSE","FALSE",TRUE,2,NA
"102",102,4,3010,465.1162791,"free","casual","full_bar","average","TRUE","TRUE",FALSE,3,"no"
"103",103,4.5,2125,470.5882353,"free","casual","none","quiet","FALSE","TRUE",TRUE,1,NA
"104",104,2.5,6599,45.46143355,"no","casual","none","average","FALSE","TRUE",TRUE,1,NA
"105",105,4,3609,27.70850651,"no","casual","none","average","None","TRUE",TRUE,1,NA
"106",106,4,2873,104.4204664,"no","casual","full_bar","average","FALSE","FALSE",FALSE,2,NA
"107",107,4.5,2922,68.44626968,"no","casual","none","average","TRUE","FALSE",FALSE,3,NA
"108",108,3.5,2708,147.7104874,"no","casual","beer_and_wine","average","None","TRUE",TRUE,2,NA
"109",109,3,30,0,"no","casual","none","average","FALSE","TRUE",TRUE,1,NA
"110",110,3,2571,0,"no","casual","none","average","FALSE","TRUE",TRUE,1,NA
"111",111,3,2094,764.0878701,"free","casual","full_bar","average","TRUE","TRUE",TRUE,2,NA
"112",112,4,5507,54.4761213,"no","casual","none","quiet","FALSE","TRUE",TRUE,1,NA
"113",113,4,2504,479.2332268,"no","casual","none","quiet","TRUE","TRUE",TRUE,1,NA
"114",114,4.5,2708,147.7104874,"no","casual","beer_and_wine","average","TRUE","TRUE",TRUE,2,NA
"115",115,5,4177,143.6437635,"free",NA,"none",NA,"TRUE","None",NA,NA,NA
"116",116,3,2504,479.2332268,"no","casual","none","average","TRUE","TRUE",TRUE,1,NA
"117",117,4,3880,0,"free","casual","beer_and_wine","average","TRUE","TRUE",TRUE,2,NA
"118",118,3.5,3609,27.70850651,"no","casual","full_bar","average","TRUE","TRUE",TRUE,2,NA
"119",119,4,2094,764.0878701,"free","casual","none","average","TRUE","TRUE",TRUE,1,NA
"120",120,4.5,2682,74.57121551,"no","dressy","full_bar","average","TRUE","FALSE",FALSE,2,NA
"121",121,3,2092,382.4091778,"no","casual","none","quiet","FALSE","TRUE",TRUE,1,NA
"122",122,4.5,2873,104.4204664,"no","casual","none","average","None","FALSE",TRUE,2,NA
"123",123,3.5,504,595.2380952,"no","casual","none","quiet","FALSE","FALSE",TRUE,2,NA
"124",124,2.5,2682,74.57121551,NA,NA,"none",NA,NA,"TRUE",TRUE,NA,NA
"125",125,4.5,1781,0,"no","casual","full_bar","average","TRUE","TRUE",FALSE,2,NA
"126",126,4.5,2682,74.57121551,"no","casual","none","average","TRUE","FALSE",FALSE,2,NA
"127",127,4.5,13,0,"no","casual","none","average","FALSE","FALSE",TRUE,1,NA
"128",128,4.5,2125,470.5882353,NA,NA,NA,NA,NA,"",NA,NA,NA
"129",129,4,2659,0,"no","casual","none","average","None","None",TRUE,2,NA
"130",130,4,2125,470.5882353,NA,NA,NA,NA,NA,"",NA,NA,NA
"131",131,4,2125,470.5882353,"no","casual","none","loud","TRUE","TRUE",FALSE,2,NA
"132",132,3.5,13,0,"free","casual","full_bar",NA,"TRUE","TRUE",FALSE,2,"yes"
"133",133,4,3010,465.1162791,"free",NA,"none",NA,"TRUE","TRUE",NA,2,NA
"134",134,3.5,2125,470.5882353,"no","casual","none","loud","FALSE","FALSE",TRUE,2,NA
"135",135,4.5,3142,159.1343094,NA,NA,NA,NA,NA,"",NA,NA,NA
"136",136,2,3570,280.1120448,"free","dressy","full_bar","average","FALSE","FALSE",FALSE,2,NA
"137",137,3,1788,223.7136465,"free","casual","full_bar","quiet","TRUE","TRUE",TRUE,1,NA
"138",138,4,2125,470.5882353,"free","casual","full_bar","average","TRUE","TRUE",FALSE,1,"no"
"139",139,5,2682,74.57121551,"no","casual","none","average","None","TRUE",TRUE,1,NA
"140",140,4.5,74,0,"free","casual","none","loud","FALSE","TRUE",FALSE,2,NA
"141",141,4.5,2682,74.57121551,NA,NA,NA,NA,NA,"TRUE",NA,NA,NA
"142",142,4.5,2094,764.0878701,NA,NA,NA,NA,NA,"TRUE",NA,NA,NA
"143",143,4.5,2125,470.5882353,"free","casual","none","average","FALSE","TRUE",TRUE,1,NA
"144",144,4.5,3609,27.70850651,"free","casual","none","average","TRUE","TRUE",NA,NA,NA
"145",145,3,74,0,"free","casual","none","average","FALSE","TRUE",TRUE,1,NA
"146",146,2.5,2125,470.5882353,NA,NA,NA,NA,NA,"",NA,NA,NA
"147",147,4.5,6313,237.6049422,"no","casual","none",NA,"FALSE","FALSE",TRUE,1,NA
"148",148,2,7016,456.1003421,"paid","casual","full_bar","average","TRUE","TRUE",TRUE,2,NA
"149",149,3,2708,147.7104874,"free","casual","full_bar","loud","TRUE","None",FALSE,2,"no"
"150",150,4.5,3570,280.1120448,"free",NA,"none",NA,"None","TRUE",TRUE,1,NA
"151",151,3.5,703,426.742532,"free","casual","full_bar","loud","FALSE","TRUE",TRUE,2,NA
"152",152,3.5,4324,115.6336725,"no",NA,"full_bar","loud","TRUE","TRUE",NA,2,NA
"153",153,4,5129,175.4728017,"free","casual","none","average","TRUE","TRUE",TRUE,2,NA
"154",154,3.5,3967,781.4469372,"no","casual","none","average","FALSE","TRUE",TRUE,1,NA
"155",155,3.5,1826,109.5290252,"free","casual","none","average","FALSE","TRUE",TRUE,1,NA
"156",156,4,4259,117.3984503,"no","casual","full_bar","average","TRUE","TRUE",FALSE,2,"outdoor"
"157",157,4,2125,470.5882353,"no","casual","none","average","TRUE","TRUE",TRUE,1,NA
"158",158,4,3609,27.70850651,"free","casual","none","average","TRUE","TRUE",TRUE,2,NA
"159",159,3.5,5105,78.35455436,"free","casual","none","average","FALSE","TRUE",TRUE,2,NA
"160",160,5,13,0,"no",NA,"none","quiet",NA,"TRUE",NA,1,NA
"161",161,3.5,5507,54.4761213,NA,NA,"full_bar",NA,"TRUE","TRUE",NA,NA,NA
"162",162,4.5,2094,764.0878701,"free","casual","none",NA,"TRUE","TRUE",NA,NA,NA
"163",163,4,3478,287.5215641,"free","dressy","full_bar","quiet","TRUE","TRUE",FALSE,3,NA
"164",164,4.5,2742,72.93946025,"no","casual","none","average","TRUE","FALSE",FALSE,2,NA
"165",165,2.5,3010,465.1162791,"no","casual","none","average","FALSE","TRUE",TRUE,2,NA
"166",166,4,3503,28.54695975,"free","casual","none","average","FALSE","TRUE",TRUE,2,NA
"167",167,3.5,2922,68.44626968,"free","casual","beer_and_wine","average","FALSE","TRUE",TRUE,2,NA
"168",168,4.5,2682,74.57121551,"no","casual","none","average","FALSE","TRUE",FALSE,2,NA
"169",169,4.5,2682,74.57121551,"no","casual","none","average","FALSE","TRUE",FALSE,2,NA
"170",170,4.5,4998,40.0160064,"no","casual",NA,"average","FALSE","TRUE",TRUE,1,NA
"171",171,4,3857,285.195748,"no","casual","none","average","FALSE","TRUE",TRUE,1,NA
"172",172,3.5,3609,27.70850651,"free","casual","full_bar","average","FALSE","TRUE",TRUE,2,NA
"173",173,4.5,2873,104.4204664,"free","casual","none","average","TRUE","TRUE",FALSE,3,NA
"174",174,4,2603,38.41721091,"no","casual","none","average","FALSE","FALSE",TRUE,1,NA
"175",175,3.5,1781,0,"no","casual","none","average","FALSE","TRUE",TRUE,1,NA
"176",176,4.5,4324,115.6336725,"free","casual","none","average","FALSE","FALSE",TRUE,2,NA
"177",177,3.5,4244,141.3760603,"no","casual","none","very_loud","FALSE","TRUE",TRUE,2,NA
"178",178,4,4259,117.3984503,"no","casual","full_bar","average","TRUE","TRUE",FALSE,3,NA
"179",179,4.5,1781,0,"free",NA,"none",NA,"FALSE","TRUE",NA,2,NA
"180",180,3,6126,293.8295788,"paid","casual",NA,NA,"FALSE","TRUE",TRUE,1,NA
"181",181,4,2873,104.4204664,"no","casual","none","average","FALSE","TRUE",TRUE,1,NA
"182",182,3,2094,764.0878701,"free",NA,"full_bar",NA,"TRUE","TRUE",NA,NA,"no"
"183",183,4.5,5507,54.4761213,"no","casual","none","average","TRUE","TRUE",FALSE,2,NA
"184",184,4.5,2603,38.41721091,"free",NA,NA,NA,"TRUE","TRUE",NA,NA,NA
"185",185,4,2708,147.7104874,"no","casual","none","average","TRUE","TRUE",TRUE,2,NA
"186",186,3,3478,287.5215641,"no","casual","none","average","FALSE","TRUE",TRUE,1,NA
"187",187,4,5315,112.8880527,NA,NA,NA,NA,NA,"TRUE",NA,NA,NA
"188",188,4.5,3609,27.70850651,"free","casual","full_bar","average","TRUE","TRUE",TRUE,2,NA
"189",189,4,6942,100.8354941,"no","casual","none","quiet","FALSE","TRUE",TRUE,2,NA
"190",190,3,3609,27.70850651,"no","casual","none","average","TRUE","TRUE",FALSE,2,NA
"191",191,3.5,4405,22.7014756,"no","casual","none","quiet","FALSE","TRUE",TRUE,2,NA
"192",192,4.5,2125,470.5882353,"no",NA,"none",NA,"FALSE","TRUE",NA,NA,NA
"193",193,2.5,2682,74.57121551,"free","casual","none","average","TRUE","TRUE",TRUE,2,NA
"194",194,3.5,2682,74.57121551,"free","casual","none","average","TRUE","TRUE",TRUE,2,NA
"195",195,3.5,2603,38.41721091,"no","casual","none",NA,"TRUE","TRUE",TRUE,1,NA
"196",196,3.5,4338,345.7814661,"free","casual","full_bar","loud","TRUE","TRUE",FALSE,2,"no"
"197",197,4,3478,287.5215641,"free","dressy","full_bar","quiet","TRUE","TRUE",FALSE,3,"no"
"198",198,4,4077,24.5278391,NA,NA,NA,NA,NA,"TRUE",NA,NA,NA
"199",199,4.5,5129,175.4728017,"free","dressy","none","average","TRUE","None",FALSE,3,NA
"200",200,4.5,2742,72.93946025,"free",NA,"beer_and_wine",NA,"TRUE","TRUE",NA,NA,NA
"201",201,3,74,0,"no","casual","none","average","FALSE","TRUE",FALSE,2,NA
"202",202,4.5,2884,312.0665742,"no","casual","none","average","TRUE","TRUE",TRUE,1,NA
"203",203,3,4462,22.41147468,NA,"casual",NA,NA,"TRUE","TRUE",TRUE,1,NA
"204",204,3,2,0,"no","casual","none","quiet","FALSE","TRUE",TRUE,2,NA
"205",205,4,4998,40.0160064,"no","casual","none","loud","FALSE","TRUE",TRUE,2,NA
"206",206,4,5507,54.4761213,"free","casual","none","average","TRUE","TRUE",TRUE,1,NA
"207",207,3.5,7662,65.25711303,"no","casual","full_bar","average","FALSE","TRUE",TRUE,2,NA
"208",208,4,2125,470.5882353,"no","casual","none","average","FALSE","TRUE",TRUE,1,NA
"209",209,2,4366,137.4255612,"no","casual","none","quiet","FALSE","TRUE",TRUE,1,NA
"210",210,4.5,2586,38.66976025,"no","casual","none","quiet","FALSE","TRUE",TRUE,1,NA
"211",211,3.5,5129,19.49697797,"free","casual","full_bar","average","TRUE","TRUE",TRUE,2,NA
"212",212,4,5507,54.4761213,"no","casual",NA,NA,NA,"TRUE",FALSE,1,NA
"213",213,3,2682,74.57121551,"no","casual","none","average","TRUE","TRUE",TRUE,2,NA
"214",214,4,2708,147.7104874,"no","casual","none","average","TRUE","TRUE",FALSE,2,NA
"215",215,5,6243,240.2691014,NA,NA,NA,NA,"FALSE","TRUE",TRUE,NA,NA
"216",216,4.5,3609,27.70850651,"free",NA,NA,NA,"None","TRUE",NA,NA,NA
"217",217,3,2125,470.5882353,"free","casual","full_bar","average","TRUE","TRUE",FALSE,2,NA
"218",218,4,1741,516.9442849,"no","casual","full_bar","average","TRUE","TRUE",FALSE,2,"no"
"219",219,4,2094,764.0878701,"free",NA,"full_bar","average","TRUE","TRUE",NA,NA,NA
"220",220,2.5,7937,226.7859393,NA,NA,NA,NA,NA,"TRUE",NA,2,NA
"221",221,5,4998,40.0160064,"free","casual","none","average","TRUE","TRUE",TRUE,1,NA
"222",222,3,3478,287.5215641,"free","casual","none",NA,"FALSE","TRUE",TRUE,1,NA
"223",223,3.5,2659,0,"no","casual","none","average","TRUE","TRUE",TRUE,1,NA
"224",224,3,3611,553.8631958,"free","casual","none","average","FALSE","TRUE",TRUE,1,NA
"225",225,4,2682,74.57121551,"no","casual","none","average","FALSE","TRUE",FALSE,2,NA
"226",226,3.5,1781,0,"free","casual","full_bar","average","FALSE","TRUE",TRUE,2,NA
"227",227,4,2742,72.93946025,"free","casual","none","quiet","FALSE","TRUE",TRUE,2,NA
"228",228,4.5,1643,608.6427267,"no","casual","none","average","TRUE","FALSE",TRUE,1,NA
"229",229,3,3611,553.8631958,"free","casual","full_bar","average","TRUE","TRUE",TRUE,2,NA
"230",230,4,2682,74.57121551,"free","casual","full_bar","average","FALSE","FALSE",TRUE,2,NA
"231",231,4.5,3142,159.1343094,"no",NA,"none",NA,"FALSE","TRUE",NA,NA,NA
"232",232,3.5,4077,24.5278391,"free","casual","full_bar","average","TRUE","TRUE",TRUE,2,NA
"233",233,2.5,2924,34.1997264,"free","casual","full_bar","average","FALSE","TRUE",TRUE,2,NA
"234",234,3.5,3609,27.70850651,NA,"casual","full_bar","average","TRUE","FALSE",FALSE,3,NA
"235",235,3,5129,19.49697797,"no","casual",NA,NA,"FALSE","FALSE",TRUE,1,NA
"236",236,2.5,504,595.2380952,"no","casual","none","average","FALSE","TRUE",TRUE,1,NA
"237",237,4,3478,287.5215641,"free","casual","full_bar","average","TRUE","TRUE",TRUE,2,"no"
"238",238,4.5,2708,147.7104874,"free","casual","none","average","FALSE","FALSE",TRUE,2,"no"
"239",239,4,2603,38.41721091,"no","casual","full_bar","average","TRUE","TRUE",TRUE,2,NA
"240",240,4,2659,0,"no","casual","none","average","TRUE","TRUE",FALSE,3,NA
"241",241,4,1781,0,"free","dressy","full_bar","average","FALSE","TRUE",FALSE,3,"no"
"242",242,4,3609,27.70850651,"free","dressy","full_bar","loud","TRUE","TRUE",FALSE,3,"no"
"243",243,3.5,3010,465.1162791,"no","casual","none","average","FALSE","TRUE",TRUE,2,NA
"244",244,3.5,4324,115.6336725,NA,"casual",NA,"loud","TRUE","TRUE",FALSE,2,NA
"245",245,2.5,4259,117.3984503,"no","casual","none","average","FALSE","TRUE",TRUE,1,NA
"246",246,4.5,3611,553.8631958,NA,"casual",NA,NA,NA,"FALSE",TRUE,1,NA
"247",247,2.5,30,0,"free","casual","full_bar","average","FALSE","FALSE",FALSE,2,"no"
"248",248,4.5,504,595.2380952,"no","casual","full_bar","average","FALSE","TRUE",TRUE,2,NA
"249",249,3,4259,117.3984503,NA,NA,NA,NA,NA,"TRUE",TRUE,NA,NA
"250",250,3.5,2884,312.0665742,"no","casual","beer_and_wine","average","TRUE","TRUE",TRUE,2,NA
"251",251,3,4177,143.6437635,"no","casual","none","average","FALSE","TRUE",TRUE,1,NA
"252",252,3,13,0,"free","casual","full_bar","loud","FALSE","FALSE",FALSE,2,NA
"253",253,3,3778,0,"free","casual","none","very_loud","TRUE","None",TRUE,2,NA
"254",254,3,1888,0,NA,"casual","none","average","FALSE","TRUE",TRUE,1,NA
"255",255,2,5241,190.8032818,NA,NA,NA,NA,NA,"TRUE",NA,NA,NA
"256",256,4.5,2708,147.7104874,"no",NA,"full_bar",NA,"TRUE","TRUE",NA,NA,"no"
"257",257,4.5,2682,74.57121551,"no","casual","full_bar","average","TRUE","TRUE",TRUE,2,NA
"258",258,4.5,6399,46.88232536,NA,NA,"none","average","TRUE","FALSE",NA,2,NA
"259",259,4.5,2603,38.41721091,NA,NA,NA,NA,"TRUE","TRUE",NA,2,NA
"260",260,2.5,2125,470.5882353,NA,"dressy","full_bar",NA,"FALSE","FALSE",FALSE,3,NA
"261",261,4,2659,0,"free","casual","full_bar","average","TRUE","TRUE",FALSE,2,NA
"262",262,3.5,2708,147.7104874,"free","casual","full_bar",NA,"TRUE","TRUE",TRUE,2,"no"
"263",263,2,4085,465.1162791,NA,"casual",NA,"average","FALSE","TRUE",TRUE,1,NA
"264",264,4.5,2873,104.4204664,"free","casual","full_bar","average","TRUE","TRUE",FALSE,3,NA
"265",265,4.5,4324,115.6336725,NA,NA,NA,NA,NA,"TRUE",TRUE,NA,NA
"266",266,4,6599,45.46143355,NA,"casual","full_bar","average","FALSE","TRUE",FALSE,2,NA
"267",267,3.5,1826,109.5290252,"no","casual","none","average","FALSE","TRUE",TRUE,1,NA
"268",268,1.5,7937,226.7859393,NA,"casual","none","average","FALSE","TRUE",FALSE,1,NA
"269",269,4,2682,74.57121551,"no","casual","full_bar","average","TRUE","TRUE",TRUE,2,"no"
"270",270,3.5,3478,287.5215641,NA,NA,NA,NA,"TRUE","TRUE",NA,2,NA
"271",271,3.5,2504,479.2332268,"free","casual","none",NA,"TRUE","TRUE",TRUE,2,NA
"272",272,4,6040,66.22516556,"free",NA,"none",NA,"FALSE","TRUE",NA,NA,NA
"273",273,3.5,2884,312.0665742,"free","casual","none","average","FALSE","TRUE",TRUE,1,NA
"274",274,3,5766,121.4013181,NA,NA,NA,NA,NA,"TRUE",NA,NA,NA
"275",275,4.5,1741,516.9442849,"free","casual","full_bar","average","TRUE","TRUE",FALSE,3,"no"
"276",276,4,2125,470.5882353,"free",NA,"full_bar","average","FALSE","TRUE",NA,2,NA
"277",277,5,2708,147.7104874,"no","dressy","full_bar","quiet","FALSE","TRUE",FALSE,4,NA
"278",278,4,3503,28.54695975,"no","casual","none","average","TRUE","TRUE",TRUE,1,NA
"279",279,3,5772,0,"no","casual","none","average","FALSE","TRUE",TRUE,2,NA
"280",280,4,2873,104.4204664,"free","casual","full_bar","average","FALSE","TRUE",FALSE,2,"no"
"281",281,3.5,2125,470.5882353,"free","casual","full_bar","loud","TRUE","TRUE",TRUE,2,"no"
"282",282,3,1741,516.9442849,"no","casual","none","average","TRUE","TRUE",TRUE,1,NA
"283",283,1.5,5,0,NA,"casual","none",NA,"FALSE","TRUE",FALSE,1,NA
"284",284,3.5,3609,27.70850651,NA,"casual","full_bar",NA,"TRUE","FALSE",FALSE,2,NA
"285",285,4.5,3478,287.5215641,"free","casual","full_bar","average","FALSE","TRUE",TRUE,2,"no"
"286",286,3,3478,287.5215641,"no","casual","full_bar","average","TRUE","FALSE",TRUE,3,NA
"287",287,2.5,3478,287.5215641,"free","casual","full_bar","average","TRUE","TRUE",FALSE,2,NA
"288",288,4,74,0,"free","casual","full_bar","average","TRUE","TRUE",TRUE,2,NA
"289",289,2,4244,141.3760603,"no","casual","none",NA,"","TRUE",TRUE,1,NA
"290",290,3,5772,0,NA,"casual","none",NA,"FALSE","TRUE",TRUE,1,NA
"291",291,3.5,2603,38.41721091,NA,"casual","none",NA,"TRUE","FALSE",TRUE,2,NA
"292",292,2.5,3609,27.70850651,"free","casual","none","loud","FALSE","FALSE",TRUE,1,NA
"293",293,3,5507,54.4761213,NA,"casual",NA,NA,"","TRUE",TRUE,1,NA
"294",294,3,3880,0,"free","casual","full_bar","quiet","TRUE","FALSE",FALSE,3,NA
"295",295,3.5,3478,287.5215641,"free","casual","full_bar","average","TRUE","FALSE",TRUE,2,NA
"296",296,4,1262,0,"no","casual","none","average","FALSE","FALSE",FALSE,2,NA
"297",297,3.5,NA,NA,"no","casual","full_bar","average","FALSE","FALSE",TRUE,2,NA
"298",298,4,2586,38.66976025,"no","casual","none","quiet","TRUE","FALSE",TRUE,2,NA
"299",299,4.5,74,0,"free",NA,"none",NA,"FALSE","TRUE",TRUE,2,NA
"300",300,5,2125,470.5882353,NA,NA,NA,NA,"TRUE","None",NA,NA,NA
"301",301,3,8322,240.3268445,NA,"casual","none","quiet","FALSE","FALSE",TRUE,1,NA
"302",302,3,3503,28.54695975,"free","casual","full_bar","average","TRUE","TRUE",TRUE,2,NA
"303",303,3,6313,237.6049422,NA,NA,NA,NA,"","TRUE",NA,NA,NA
"304",304,4.5,2659,0,"free","casual","none","very_loud","TRUE","TRUE",TRUE,2,NA
"305",305,3.5,4259,117.3984503,"no","casual","none","average","TRUE","FALSE",FALSE,3,NA
"306",306,2.5,2659,0,NA,"casual",NA,NA,"FALSE","TRUE",TRUE,2,NA
"307",307,1.5,3201,406.1230865,NA,"casual","none","average","FALSE","TRUE",FALSE,1,NA
"308",308,1.5,8322,240.3268445,"no","casual","none","quiet","FALSE","TRUE",TRUE,1,NA
"309",309,4,2708,147.7104874,NA,"casual","full_bar","average","FALSE","TRUE",FALSE,2,NA
"310",310,5,2873,104.4204664,NA,NA,NA,NA,"","",NA,1,NA
"311",311,3.5,3609,27.70850651,"free","casual","full_bar","average","TRUE","FALSE",FALSE,2,"no"
"312",312,2,6399,46.88232536,"no","casual","full_bar","quiet","FALSE","FALSE",TRUE,2,NA
"313",313,1.5,5507,54.4761213,"free","casual",NA,"quiet","FALSE","TRUE",TRUE,1,NA
"314",314,5,5507,54.4761213,"no","casual","none","quiet","FALSE","TRUE",FALSE,2,NA
"315",315,2.5,4177,143.6437635,NA,"casual","full_bar",NA,"TRUE","FALSE",TRUE,2,NA
"316",316,4.5,2873,104.4204664,NA,"casual","none","average","FALSE","FALSE",TRUE,2,NA
"317",317,4,2873,104.4204664,"no","casual","full_bar","average","TRUE","FALSE",TRUE,3,NA
"318",318,3.5,3609,27.70850651,NA,"casual","full_bar","average","TRUE","",FALSE,2,NA
"319",319,3.5,2542,354.0519276,"no","casual","beer_and_wine","average","FALSE","TRUE",TRUE,2,NA
"320",320,3.5,3778,0,"no","casual","none","average","TRUE","FALSE",FALSE,2,NA
"321",321,3,3609,27.70850651,"no","casual","full_bar","average","TRUE","FALSE",FALSE,2,NA
"322",322,3,2094,764.0878701,NA,"casual","full_bar","average","FALSE","FALSE",FALSE,2,NA
"323",323,3,1781,0,"no","dressy","full_bar","quiet","TRUE","FALSE",TRUE,2,NA
"324",324,3.5,6399,46.88232536,"free","casual","full_bar","average","FALSE","FALSE",TRUE,2,NA
"325",325,4.5,2682,74.57121551,"free","casual","none","quiet","TRUE","FALSE",TRUE,2,NA
"326",326,3.5,1781,0,"free","casual","none","average","TRUE","TRUE",TRUE,1,NA
"327",327,4.5,2708,147.7104874,"free","casual","none","average","FALSE","TRUE",TRUE,1,NA
"328",328,3,2125,470.5882353,NA,"casual",NA,"average","FALSE","",FALSE,2,NA
"329",329,3.5,4077,24.5278391,NA,"casual","none","average","FALSE","None",TRUE,1,NA
"330",330,3.5,2603,38.41721091,"free","casual","full_bar","quiet","TRUE","FALSE",FALSE,3,"outdoor"
"331",331,3,4244,141.3760603,"free",NA,"none",NA,"FALSE","TRUE",NA,NA,NA
"332",332,4.5,5,0,"no","casual","full_bar",NA,"FALSE","FALSE",TRUE,2,NA
"333",333,4,2603,38.41721091,"no","casual","full_bar","average","FALSE","TRUE",TRUE,2,NA
"334",334,3.5,2603,38.41721091,"free","dressy","full_bar","quiet","FALSE","TRUE",FALSE,3,"no"
"335",335,3,1433,279.1346825,NA,NA,NA,NA,"","TRUE",TRUE,1,NA
"336",336,3.5,4998,40.0160064,"no","casual","none",NA,"FALSE","TRUE",TRUE,2,NA
"337",337,4.5,2873,104.4204664,NA,NA,NA,NA,"TRUE","",NA,NA,NA
"338",338,4,2586,38.66976025,NA,NA,"none","average","","TRUE",NA,NA,NA
"339",339,2,2873,104.4204664,NA,NA,"full_bar",NA,"FALSE","FALSE",TRUE,2,NA
"340",340,2.5,2708,147.7104874,"free","casual","none","quiet","TRUE","TRUE",TRUE,1,NA
"341",341,3,3478,287.5215641,"no","casual","full_bar","average","TRUE","FALSE",TRUE,2,NA
"342",342,4,3478,287.5215641,"no","casual","none","average","FALSE","TRUE",TRUE,1,NA
"343",343,3.5,3201,406.1230865,"free","casual","none","loud","FALSE","FALSE",FALSE,3,NA
"344",344,4,3609,27.70850651,NA,"casual",NA,NA,"TRUE","FALSE",FALSE,2,NA
"345",345,4,1781,0,"free","casual","full_bar","average","TRUE","None",FALSE,2,NA
"346",346,3.5,4259,117.3984503,"no","casual","none","average","FALSE","TRUE",TRUE,1,NA
"347",347,4.5,1433,279.1346825,NA,"casual",NA,NA,"FALSE","FALSE",TRUE,2,NA
"348",348,4,2708,147.7104874,NA,"casual",NA,NA,"","TRUE",NA,NA,NA
"349",349,5,4998,40.0160064,"free","casual","none",NA,"TRUE","TRUE",FALSE,1,NA
"350",350,4,1741,516.9442849,"no","casual","none","average","FALSE","FALSE",FALSE,3,NA
"351",351,4,6040,66.22516556,"no","casual","none","quiet","TRUE","TRUE",TRUE,2,NA
"352",352,4,2873,104.4204664,"no","casual","none","average","TRUE","FALSE",FALSE,3,NA
"353",353,3.5,3609,27.70850651,"no","casual","none","average","TRUE","FALSE",FALSE,3,NA
"354",354,3,2094,764.0878701,NA,"casual","none","quiet","FALSE","TRUE",TRUE,1,NA
"355",355,3,703,426.742532,"no","casual","full_bar","quiet","TRUE","FALSE",TRUE,2,NA
"356",356,2.5,2125,470.5882353,"no","dressy","full_bar","average","TRUE","FALSE",FALSE,3,NA
"357",357,3.5,3478,287.5215641,"no","casual","none","quiet","TRUE","TRUE",TRUE,2,NA
"358",358,3.5,4324,115.6336725,"free","casual","full_bar","average","TRUE","FALSE",FALSE,3,NA
"359",359,3.5,3609,27.70850651,"no","casual","none","average","FALSE","FALSE",TRUE,2,NA
"360",360,3.5,2603,38.41721091,"no","casual","full_bar","average","FALSE","FALSE",FALSE,3,NA
"361",361,2,3165,663.507109,NA,NA,NA,NA,"FALSE","TRUE",NA,1,NA
"362",362,4,2094,764.0878701,"no","casual","none","average","TRUE","FALSE",TRUE,3,NA
"363",363,2,6313,237.6049422,"no",NA,"none",NA,"FALSE","TRUE",TRUE,1,NA
"364",364,2,1781,0,NA,"casual","full_bar",NA,"TRUE","FALSE",FALSE,3,NA
"365",365,3.5,3010,465.1162791,"no","casual","full_bar","average","TRUE","TRUE",TRUE,2,NA
"366",366,3.5,1781,0,"no","dressy","full_bar","loud","TRUE","FALSE",FALSE,2,NA
"367",367,3,2094,764.0878701,"no","casual","none","quiet","FALSE","FALSE",TRUE,2,"no"
"368",368,4,2125,470.5882353,"free","casual","none","quiet","TRUE","TRUE",TRUE,1,NA
"369",369,3,3142,159.1343094,"free","casual","full_bar","average","TRUE","TRUE",TRUE,2,NA
"370",370,4,2603,38.41721091,"no","casual","full_bar","average","TRUE","None",TRUE,2,"no"
"371",371,3.5,3778,0,"no","casual","none","average","TRUE","FALSE",TRUE,2,NA
"372",372,3,2603,38.41721091,"no","casual","none","average","TRUE","FALSE",TRUE,2,NA
"373",373,3,3880,0,NA,"casual","none","average","FALSE","TRUE",TRUE,1,NA
"374",374,4,2708,147.7104874,"free","casual","none","quiet","TRUE","FALSE",TRUE,2,NA
"375",375,2.5,2125,470.5882353,"no","casual","full_bar","average","TRUE","TRUE",TRUE,2,NA
"376",376,3.5,4998,40.0160064,NA,"casual","none","quiet","TRUE","TRUE",TRUE,1,NA
"377",377,4.5,4998,40.0160064,"no","casual","none","average","FALSE","FALSE",TRUE,2,NA
"378",378,2.5,3609,27.70850651,NA,"casual","full_bar","quiet","TRUE","FALSE",TRUE,2,NA
"379",379,4,2682,74.57121551,NA,"casual","none","average","FALSE","FALSE",TRUE,2,NA
"380",380,4,3478,287.5215641,"no","casual","full_bar","average","TRUE","TRUE",TRUE,2,NA
"381",381,2.5,1781,0,"no","casual","full_bar","quiet","FALSE","FALSE",TRUE,2,NA
"382",382,3.5,3609,27.70850651,"free","dressy","full_bar","average","FALSE","FALSE",FALSE,3,NA
"383",383,4,4324,115.6336725,"free",NA,"full_bar",NA,"TRUE","TRUE",NA,1,NA
"384",384,2,3939,203.0972328,"free",NA,"none",NA,"FALSE","TRUE",TRUE,1,NA
"385",385,5,4259,117.3984503,"no",NA,NA,NA,"","FALSE",FALSE,1,NA
"386",386,3.5,3880,0,"free","casual","none","average","TRUE","TRUE",TRUE,2,NA
"387",387,3.5,2742,72.93946025,"free","casual","full_bar","average","FALSE","TRUE",TRUE,2,NA
"388",388,4,2603,38.41721091,"free","casual","full_bar","average","TRUE","TRUE",FALSE,2,NA
"389",389,3.5,3611,553.8631958,"free","casual","none","average","FALSE","TRUE",TRUE,1,NA
"390",390,4,2586,38.66976025,"no","casual","none","loud","TRUE","TRUE",FALSE,2,NA
"391",391,4,2682,74.57121551,"no","casual","none","average","FALSE","FALSE",FALSE,2,NA
"392",392,3.5,1781,0,"free","casual","full_bar","average","TRUE","FALSE",FALSE,2,NA
"393",393,4.5,2708,147.7104874,"no","casual","none","quiet","FALSE","FALSE",TRUE,1,NA
"394",394,3,3880,0,NA,"casual","full_bar","average","TRUE","FALSE",TRUE,2,NA
"395",395,4,3142,159.1343094,"free","casual","none","average","TRUE","TRUE",TRUE,1,NA
"396",396,3.5,2094,764.0878701,"free","casual","none","average","TRUE","TRUE",TRUE,2,NA
"397",397,3.5,4244,141.3760603,NA,NA,NA,NA,"","TRUE",NA,NA,NA
"398",398,2.5,2803,392.436675,"no","casual","full_bar","average","TRUE","FALSE",FALSE,3,NA
"399",399,3.5,5195,288.7391723,"free","casual","none","quiet","FALSE","TRUE",TRUE,1,NA
"400",400,4,2924,34.1997264,"free","dressy","full_bar","average","TRUE","TRUE",FALSE,3,NA
"401",401,3.5,3570,280.1120448,"no","casual","none","average","TRUE","FALSE",FALSE,2,NA
"402",402,4,2659,0,"free","casual","full_bar","average","TRUE","TRUE",TRUE,3,NA
"403",403,4,2708,147.7104874,"no","casual","full_bar","average","TRUE","FALSE",FALSE,2,NA
"404",404,5,2873,104.4204664,"no","casual","none","quiet","FALSE","TRUE",TRUE,2,NA
"405",405,2,2603,38.41721091,NA,"casual","full_bar",NA,"FALSE","FALSE",FALSE,3,NA
"406",406,2.5,3010,465.1162791,NA,"casual","none","average","FALSE","TRUE",TRUE,2,NA
"407",407,4,2682,74.57121551,"no","casual","none","average","TRUE","TRUE",TRUE,2,NA
"408",408,3.5,4998,40.0160064,NA,NA,"full_bar",NA,"","",NA,NA,NA
"409",409,2.5,2603,38.41721091,NA,"casual","full_bar","average","FALSE","TRUE",TRUE,2,NA
"410",410,4,2682,74.57121551,"no","casual",NA,NA,"","FALSE",TRUE,3,NA
"411",411,4,4998,40.0160064,NA,"casual",NA,"average","","",NA,2,NA
"412",412,2,3080,259.7402597,NA,"casual","none","quiet","FALSE","TRUE",TRUE,1,NA
"413",413,4.5,3880,0,"no","casual","none","loud","FALSE","TRUE",TRUE,2,NA
"414",414,4,504,595.2380952,"no","casual","none","average","TRUE","TRUE",TRUE,1,NA
"415",415,4.5,2542,354.0519276,NA,NA,NA,NA,"","None",NA,NA,NA
"416",416,3,3503,28.54695975,NA,"casual","full_bar","average","TRUE","TRUE",TRUE,2,NA
"417",417,4.5,1781,0,"no","casual","full_bar","average","None","None",FALSE,2,"no"
"418",418,3,2884,312.0665742,"no","casual","none","average","TRUE","FALSE",FALSE,2,NA
"419",419,4,2682,74.57121551,"no","casual","none","average","TRUE","TRUE",TRUE,1,NA
"420",420,3,2125,470.5882353,"no","casual","full_bar","loud","FALSE","FALSE",FALSE,2,NA
"421",421,4,3503,28.54695975,"free","casual","full_bar","average","TRUE","TRUE",FALSE,2,NA
"422",422,3.5,2682,74.57121551,"free","casual","none","average","FALSE","FALSE",FALSE,2,NA
"423",423,4.5,4998,40.0160064,"no","casual","none","quiet","FALSE","FALSE",TRUE,2,NA
"424",424,4,2708,147.7104874,"no","casual","full_bar","average","FALSE","TRUE",TRUE,2,NA
"425",425,3.5,2094,764.0878701,"free","casual","full_bar","quiet","FALSE","TRUE",TRUE,2,NA
"426",426,3,2094,764.0878701,NA,"casual","none","average","FALSE","TRUE",TRUE,1,NA
"427",427,3,2873,104.4204664,NA,"casual","none","quiet","TRUE","TRUE",TRUE,2,NA
"428",428,3.5,5766,121.4013181,"no","casual","none","average","TRUE","FALSE",TRUE,2,NA
"429",429,3.5,1681,59.48839976,"free","casual","none","average","TRUE","TRUE",TRUE,2,NA
"430",430,4,2682,74.57121551,"no","casual","none","average","FALSE","FALSE",TRUE,2,NA
"431",431,4.5,3609,27.70850651,NA,NA,NA,NA,"","",NA,NA,NA
"432",432,3.5,3570,280.1120448,"no","dressy","full_bar","average","TRUE","FALSE",TRUE,3,NA
"433",433,2.5,2873,104.4204664,NA,"casual","full_bar",NA,"TRUE","TRUE",FALSE,2,NA
"434",434,3,2741,72.96607078,NA,NA,NA,NA,"","",NA,NA,NA
"435",435,4,2125,470.5882353,"free","dressy","full_bar","average","FALSE","None",TRUE,3,"no"
"436",436,3.5,3609,27.70850651,"no","casual","beer_and_wine","average","TRUE","FALSE",TRUE,2,NA
"437",437,2.5,6726,29.73535534,NA,"casual",NA,NA,"FALSE","FALSE",TRUE,1,NA
"438",438,4,2682,74.57121551,"no","casual","full_bar","average","TRUE","",TRUE,2,NA
"439",439,3.5,2125,470.5882353,"no","dressy","full_bar","average","FALSE","TRUE",FALSE,3,NA
"440",440,4.5,2504,479.2332268,"free","casual","full_bar","average","TRUE","TRUE",FALSE,2,"no"
"441",441,4,6313,237.6049422,"no","casual","beer_and_wine","average","TRUE","FALSE",TRUE,2,NA
"442",442,3,3880,0,"no","casual","none","average","FALSE","FALSE",TRUE,1,NA
"443",443,4,2125,470.5882353,"no","dressy","full_bar","average","FALSE","FALSE",FALSE,4,NA
"444",444,3,4221,663.3499171,"free","casual","none","average","FALSE","TRUE",TRUE,1,NA
"445",445,3.5,2603,38.41721091,"no","casual","full_bar","average","FALSE","FALSE",FALSE,2,NA
"446",446,4,2742,72.93946025,"no","casual","none","average","TRUE","FALSE",TRUE,2,NA
"447",447,4,2873,104.4204664,"no","casual","none","average","FALSE","FALSE",FALSE,3,NA
"448",448,4,3939,203.0972328,NA,"casual","none",NA,"FALSE","FALSE",TRUE,2,NA
"449",449,4,74,0,NA,NA,NA,NA,"","TRUE",TRUE,NA,NA
"450",450,2.5,NA,NA,"no","casual","beer_and_wine","average","FALSE","FALSE",TRUE,1,NA
"451",451,4,3478,287.5215641,"no","casual","none","average","TRUE","FALSE",TRUE,1,NA
"452",452,3.5,2682,74.57121551,"free","casual","full_bar","average","TRUE","TRUE",FALSE,3,"no"
"453",453,4,2803,392.436675,"free","casual","full_bar","average","TRUE","TRUE",TRUE,2,"no"
"454",454,3,3880,0,"no","casual","none","average","TRUE","TRUE",TRUE,1,NA
"455",455,3.5,3609,27.70850651,"no","casual","full_bar","average","TRUE","FALSE",FALSE,2,NA
"456",456,3.5,2682,74.57121551,"no","casual","full_bar","average","FALSE","FALSE",FALSE,3,"no"
"457",457,4,1781,0,"no","casual","beer_and_wine","average","FALSE","TRUE",TRUE,1,NA
"458",458,3,2603,38.41721091,"paid","casual","none","quiet","FALSE","TRUE",TRUE,1,NA
"459",459,3.5,2547,117.7856302,NA,"casual","full_bar","average","TRUE","",TRUE,2,NA
"460",460,4,3609,27.70850651,"free","casual","none","average","FALSE","FALSE",TRUE,1,NA
"461",461,4,6609,363.1411711,"no","casual","none","quiet","FALSE","TRUE",TRUE,1,NA
"462",462,3.5,3010,465.1162791,"free","casual","full_bar","average","TRUE","TRUE",FALSE,2,"no"
"463",463,4,2854,245.2697968,"no","casual","none","average","TRUE","TRUE",TRUE,2,NA
"464",464,4,3609,27.70850651,"no","casual","none","average","FALSE","FALSE",TRUE,1,NA
"465",465,3.5,2708,147.7104874,"no","casual","none","average","TRUE","TRUE",FALSE,2,NA
"466",466,4,4324,115.6336725,"no","casual","none","average","TRUE","TRUE",TRUE,2,NA
"467",467,4.5,3142,159.1343094,NA,"casual","none",NA,"TRUE","",TRUE,1,NA
"468",468,1.5,2873,104.4204664,"free","casual",NA,NA,"FALSE","TRUE",TRUE,1,NA
"469",469,2.5,2094,764.0878701,"free","casual","none",NA,"FALSE","FALSE",FALSE,1,NA
"470",470,5,3010,465.1162791,"free",NA,"none","average","FALSE","FALSE",NA,NA,NA
"471",471,2,2884,312.0665742,"free","casual","none","very_loud","FALSE","TRUE",TRUE,1,NA
"472",472,3,3609,27.70850651,"no","casual","full_bar","average","FALSE","TRUE",TRUE,2,NA
"473",473,3,74,0,NA,"casual","full_bar",NA,"TRUE","",TRUE,2,NA
"474",474,4.5,1781,0,"free","casual","none","quiet","TRUE","TRUE",TRUE,1,NA
"475",475,2.5,2603,38.41721091,"no","casual","none","average","FALSE","TRUE",TRUE,1,NA
"476",476,2,2922,68.44626968,NA,"casual","full_bar",NA,"TRUE","",FALSE,2,NA
"477",477,4,4998,40.0160064,"no","casual","full_bar","average","FALSE","FALSE",TRUE,2,NA
"478",478,4,3880,0,"free","casual","none","average","TRUE","FALSE",FALSE,2,NA
"479",479,3.5,1262,0,NA,"casual","none","average","TRUE","FALSE",NA,2,NA
"480",480,3.5,5507,54.4761213,NA,NA,"full_bar","average","","FALSE",TRUE,2,NA
"481",481,3,3478,287.5215641,NA,"dressy","full_bar","loud","TRUE","FALSE",FALSE,3,NA
"482",482,3,3880,0,NA,"dressy","full_bar","average","TRUE","FALSE",FALSE,3,NA
"483",483,2.5,2603,38.41721091,NA,"dressy","full_bar",NA,"","FALSE",FALSE,3,NA
"484",484,4,4324,115.6336725,"free","casual","none","average","TRUE","FALSE",TRUE,2,NA
"485",485,2,5241,190.8032818,"no","casual",NA,NA,"FALSE","TRUE",TRUE,2,NA
"486",486,2,1314,304.414003,"free","casual","none","quiet","FALSE","TRUE",TRUE,1,NA
"487",487,4.5,6599,45.46143355,"no","casual","none",NA,"FALSE","FALSE",TRUE,1,NA
"488",488,4,2873,104.4204664,NA,"casual","full_bar",NA,"TRUE","",TRUE,2,NA
"489",489,2,6667,269.9865007,NA,"casual",NA,"average","FALSE","TRUE",TRUE,1,NA
"490",490,2.5,2094,764.0878701,NA,"casual","full_bar","loud","TRUE","TRUE",TRUE,2,NA
"491",491,4.5,2682,74.57121551,"no","casual","full_bar","quiet","TRUE","TRUE",TRUE,2,NA
"492",492,3.5,2682,74.57121551,"free","casual","none","average","TRUE","TRUE",FALSE,2,NA
"493",493,4,2873,104.4204664,"free","casual","none","average","FALSE","TRUE",FALSE,2,NA
"494",494,2.5,74,0,"free","casual","none","quiet","FALSE","TRUE",TRUE,1,NA
"495",495,3.5,2125,470.5882353,"no","dressy","full_bar","average","FALSE","FALSE",FALSE,3,NA
"496",496,3,3010,465.1162791,"no","casual","none","loud","TRUE","FALSE",FALSE,2,NA
"497",497,4,3611,553.8631958,NA,NA,NA,NA,"FALSE","None",NA,NA,NA
"498",498,4,1781,0,NA,NA,NA,NA,"","None",NA,NA,NA
"499",499,3.5,5507,54.4761213,"no","casual","full_bar","average","FALSE","FALSE",TRUE,3,NA
"500",500,4.5,2682,74.57121551,"no","casual","none","average","FALSE","TRUE",TRUE,1,NA
"501",501,1.5,504,595.2380952,NA,"casual",NA,NA,"FALSE","TRUE",TRUE,1,NA
"502",502,3.5,1741,516.9442849,"free","casual","full_bar","average","TRUE","FALSE",FALSE,2,NA
"503",503,3,1781,0,"no","casual","full_bar",NA,"TRUE","FALSE",FALSE,2,NA
"504",504,3.5,5129,175.4728017,"no","casual","none","average","TRUE","TRUE",TRUE,3,NA
"505",505,4,1262,0,"free","casual","none","quiet","TRUE","FALSE",TRUE,1,NA
