name,address,postal_code,latitude,longitude,stars,review_count,is_open,BusinessAcceptsCreditCards,BikeParking,RestaurantsPriceRange2,RestaurantsTakeOut,RestaurantsDelivery,Caters,WiFi,WheelchairAccessible,HappyHour,OutdoorSeating,HasTV,RestaurantsReservations,DogsAllowed,Alcohol,GoodForKids,RestaurantsAttire,RestaurantsTableService,RestaurantsGoodForGroups,DriveThru,NoiseLevel,BusinessAcceptsBitcoin,Smoking,Corkage,zipcode
Angelina's,743 S 8th St,19147,39.94022122,-75.15579667,4.5,49,1,FALSE,NA,3,,TRUE,NA,free,NA,NA,FALSE,TRUE,TRUE,NA,none,FALSE,casual,TRUE,TRUE,NA,average,NA,NA,NA,19147
O Sole Mio,250 Catharine St,19147,39.9378287,-75.1482632,4.5,85,1,TRUE,NA,NA,TRUE,TRUE,TRUE,no,TRUE,FALSE,TRUE,TRUE,TRUE,NA,none,TRUE,NA,TRUE,TRUE,NA,NA,NA,NA,NA,19147
Buca D’Oro ,711 Locust St,19106,39.94707721,-75.15416555,4,5,1,TRUE,NA,NA,TRUE,FALSE,NA,NA,NA,NA,TRUE,NA,,NA,none,NA,NA,TRUE,NA,NA,NA,NA,NA,NA,19106
PrimoHoagies,1528 W Ritner St,19145,39.9209271,-75.1733058,4,43,1,TRUE,TRUE,1,TRUE,TRUE,TRUE,no,NA,NA,FALSE,TRUE,FALSE,NA,none,TRUE,casual,NA,TRUE,NA,quiet,NA,NA,FALSE,19145
Los Compadres,3300 Market St,19145,39.9553865,-75.1910637,4,12,1,TRUE,TRUE,1,TRUE,FALSE,NA,no,NA,NA,FALSE,TRUE,FALSE,NA,none,TRUE,casual,FALSE,TRUE,NA,average,NA,NA,NA,19145
Lazos Pizza & Grill,2533 Poplar St,19130,39.9727751,-75.17898709,4,176,1,TRUE,TRUE,1,TRUE,TRUE,TRUE,no,NA,NA,FALSE,TRUE,FALSE,NA,none,TRUE,casual,NA,TRUE,NA,average,NA,NA,NA,19130
Ricci's Hoagies,1165 S 11th St,19147,39.9353601,-75.1615836,4,67,1,TRUE,FALSE,1,TRUE,TRUE,TRUE,no,TRUE,NA,TRUE,TRUE,FALSE,NA,none,TRUE,casual,NA,TRUE,NA,average,NA,NA,FALSE,19147
Pina's Pizza,8919 Ridge Ave,19128,40.0694581,-75.2398454,3.5,47,1,TRUE,FALSE,1,TRUE,TRUE,TRUE,no,NA,NA,FALSE,TRUE,TRUE,NA,none,TRUE,casual,TRUE,TRUE,NA,average,NA,NA,NA,19128
George's Sandwich Shop,900 S 9th St,19147,39.9388316,-75.15798463,4,93,1,FALSE,TRUE,1,TRUE,TRUE,FALSE,no,NA,NA,TRUE,TRUE,FALSE,NA,none,TRUE,casual,NA,FALSE,NA,average,NA,NA,NA,19147
Maria's Ristorante on Summit,8100 Ridge Ave,19128,40.0567171,-75.2363521,3.5,98,1,TRUE,TRUE,2,TRUE,TRUE,TRUE,no,NA,NA,FALSE,TRUE,TRUE,NA,full_bar,TRUE,casual,NA,TRUE,NA,average,NA,NA,NA,19128
Izzy's 33,1703 S 9th St,19148,39.92800432,-75.16004462,4.5,24,1,TRUE,FALSE,NA,TRUE,TRUE,TRUE,free,FALSE,NA,TRUE,FALSE,,NA,none,NA,NA,TRUE,NA,NA,NA,NA,NA,TRUE,19148
P & S Ravioli,1640 S 10th St,19148,39.928473,-75.1619827,4.5,6,1,NA,NA,2,TRUE,FALSE,NA,no,NA,NA,FALSE,NA,FALSE,NA,none,TRUE,casual,NA,FALSE,NA,average,NA,NA,NA,19148
Zio Pizza Palace & Grill,157 N 9th St,19107,39.955065,-75.1541846,4,43,1,TRUE,FALSE,1,TRUE,TRUE,TRUE,no,TRUE,NA,FALSE,TRUE,FALSE,FALSE,none,TRUE,casual,FALSE,FALSE,NA,loud,FALSE,NA,FALSE,19107
Ralphs Italian Restaurant,760 S 9th St,19147,39.9400584,-75.1578655,3.5,653,1,TRUE,TRUE,2,TRUE,TRUE,TRUE,no,NA,NA,FALSE,TRUE,TRUE,FALSE,full_bar,TRUE,casual,NA,TRUE,NA,average,NA,NA,NA,19147
Frank's Spaghetti House,7602 Castor Ave,19152,40.056184,-75.061858,3.5,43,1,TRUE,FALSE,2,TRUE,FALSE,TRUE,no,NA,NA,FALSE,TRUE,TRUE,NA,full_bar,TRUE,casual,NA,TRUE,NA,average,NA,NA,NA,19152
Allegro Pizza,3942 Spruce St,19104,39.9514453,-75.2029159,3,221,1,TRUE,TRUE,1,TRUE,TRUE,TRUE,no,NA,NA,TRUE,TRUE,FALSE,NA,beer_and_wine,TRUE,casual,NA,TRUE,NA,average,NA,NA,TRUE,19104
Trattoria Carina,2201 Spruce St,19103,39.9488052,-75.1779537,4.5,213,1,TRUE,TRUE,2,TRUE,TRUE,NA,no,NA,FALSE,TRUE,FALSE,TRUE,FALSE,full_bar,FALSE,casual,TRUE,TRUE,NA,average,NA,NA,NA,19103
Al's Italiano Pizzeria & Ristorante,8202 Roosevelt Blvd,19152,40.0605711,-75.0448466,3.5,23,1,TRUE,FALSE,1,TRUE,TRUE,NA,no,NA,NA,FALSE,TRUE,FALSE,NA,none,TRUE,casual,NA,TRUE,NA,quiet,NA,NA,NA,19152
Giovanni's Pizzeria,5604 Greene St,19144,40.0334795,-75.1758562,2.5,46,1,TRUE,TRUE,1,TRUE,TRUE,FALSE,no,NA,NA,FALSE,TRUE,FALSE,NA,none,TRUE,casual,NA,TRUE,NA,quiet,NA,NA,NA,19144
PrimoHoagies,128 S 11th St,19107,39.94921619,-75.15905223,3.5,65,1,TRUE,TRUE,1,TRUE,TRUE,TRUE,no,NA,NA,FALSE,TRUE,FALSE,NA,none,TRUE,casual,NA,FALSE,NA,average,NA,NA,NA,19107
Top Tomato Bar & Pizza,116 S 11th St,19107,39.9495688,-75.1589615,3.5,232,1,TRUE,TRUE,1,TRUE,TRUE,TRUE,no,TRUE,TRUE,TRUE,TRUE,None,FALSE,full_bar,TRUE,casual,TRUE,TRUE,NA,average,FALSE,no,FALSE,19107
Pizzeria Vetri,1939 Callowhill St,19130,39.960888,-75.171213,4,651,1,TRUE,TRUE,2,TRUE,TRUE,TRUE,free,TRUE,FALSE,TRUE,FALSE,TRUE,TRUE,beer_and_wine,TRUE,casual,TRUE,TRUE,NA,average,FALSE,NA,NA,19130
SALERNO'S Ristorante & Pizzeria,6500-02 Rising Sun Ave,19111,40.0512797,-75.0943052,4,44,1,TRUE,FALSE,1,None,TRUE,TRUE,no,NA,NA,FALSE,TRUE,FALSE,NA,none,TRUE,casual,NA,TRUE,NA,average,NA,NA,NA,19111
Pasqually's Pizza,200 S 43rd St,19104,39.9545323,-75.2089392,4,96,1,TRUE,FALSE,1,TRUE,TRUE,FALSE,no,TRUE,NA,FALSE,TRUE,FALSE,NA,beer_and_wine,TRUE,casual,NA,TRUE,NA,average,NA,NA,NA,19104
Pitruco Pizza Franklin's Table,3401 Walnut St,19104,39.9529913,-75.1922872,4.5,11,1,TRUE,TRUE,NA,TRUE,TRUE,TRUE,free,TRUE,NA,TRUE,FALSE,,NA,none,NA,NA,FALSE,NA,NA,NA,NA,NA,FALSE,19104
Bistro La Baia,1700 Lombard St,19146,39.945162,-75.1702591,3.5,225,1,TRUE,FALSE,NA,TRUE,TRUE,TRUE,free,TRUE,TRUE,TRUE,FALSE,TRUE,NA,none,NA,NA,TRUE,NA,NA,NA,FALSE,NA,FALSE,19146
Vetri Cucina,1312 Spruce St,19107,39.9466441,-75.1631867,4.5,489,1,TRUE,TRUE,4,TRUE,None,FALSE,no,NA,NA,TRUE,TRUE,TRUE,NA,full_bar,FALSE,dressy,TRUE,FALSE,NA,average,NA,NA,NA,19107
1 Stop Pizza,3701 Germantown Ave,19140,40.0093835,-75.1506617,3.5,8,1,TRUE,NA,1,TRUE,TRUE,NA,no,TRUE,NA,None,NA,,NA,NA,NA,casual,FALSE,NA,FALSE,quiet,NA,NA,NA,19140
Scannicchio's,2500 S Broad & Porter,19145,39.919346,-75.171033,4,187,1,FALSE,TRUE,2,TRUE,TRUE,TRUE,free,TRUE,FALSE,TRUE,FALSE,TRUE,TRUE,none,TRUE,casual,TRUE,TRUE,NA,average,NA,NA,FALSE,19145
Italiano's,2551 S 12th St,19148,39.917764,-75.1671583,4.5,51,1,FALSE,FALSE,1,TRUE,FALSE,FALSE,no,NA,NA,TRUE,FALSE,FALSE,NA,none,TRUE,casual,NA,TRUE,NA,average,FALSE,NA,NA,19148
Murph's Bar,202 E Girard Ave,19125,39.9689397,-75.1334333,4,315,1,TRUE,TRUE,2,TRUE,None,FALSE,no,FALSE,TRUE,TRUE,TRUE,TRUE,FALSE,full_bar,FALSE,casual,TRUE,TRUE,NA,average,NA,yes,NA,19125
Axis Pizza,20 S 36th St,19104,39.9553365,-75.1946097,3,159,1,TRUE,TRUE,1,TRUE,TRUE,TRUE,free,NA,NA,TRUE,TRUE,FALSE,NA,none,TRUE,casual,NA,TRUE,FALSE,average,NA,NA,NA,19104
Porcini,2048 Sansom St,19103,39.951348,-75.1751139,3.5,317,1,TRUE,TRUE,2,TRUE,TRUE,FALSE,free,NA,NA,FALSE,FALSE,TRUE,NA,none,FALSE,casual,NA,FALSE,NA,average,NA,NA,FALSE,19103
Revolution House,200 Market St,19106,39.9497082,-75.1439349,3.5,554,1,TRUE,TRUE,2,TRUE,TRUE,FALSE,free,NA,TRUE,TRUE,TRUE,TRUE,NA,full_bar,TRUE,casual,NA,TRUE,NA,average,NA,NA,NA,19106
Mediterranean Banquet Hall,2033 S Bancroft St,19145,39.92530586,-75.17329108,5,10,1,TRUE,NA,NA,TRUE,,NA,NA,NA,NA,NA,NA,,NA,NA,NA,NA,NA,NA,NA,NA,NA,NA,NA,19145
Johnnie's Italian Restaurant,4201 Comly St,19135,40.0227483,-75.0634418,4,17,1,TRUE,FALSE,2,TRUE,FALSE,TRUE,no,NA,NA,FALSE,FALSE,TRUE,NA,full_bar,TRUE,casual,NA,TRUE,NA,average,FALSE,NA,NA,19135
Philomena Santucci's Square Pizza,4010 Cottman Ave,19135,40.0361386,-75.0404656,3,44,1,TRUE,TRUE,2,TRUE,TRUE,TRUE,free,TRUE,FALSE,FALSE,TRUE,TRUE,FALSE,none,TRUE,casual,FALSE,TRUE,FALSE,average,FALSE,NA,NA,19135
Carangi Baking,2655 S Iseminger St,19148,39.9166328,-75.1685035,4.5,34,1,FALSE,TRUE,1,TRUE,FALSE,TRUE,free,NA,NA,TRUE,TRUE,FALSE,NA,none,TRUE,casual,NA,FALSE,NA,average,NA,NA,NA,19148
Marra's,1734 E Passyunk Ave,19148,39.9279881,-75.1658701,3,291,1,TRUE,TRUE,2,TRUE,TRUE,FALSE,no,NA,NA,TRUE,TRUE,TRUE,NA,full_bar,TRUE,casual,TRUE,TRUE,NA,average,NA,NA,NA,19148
Aldo and Manny Pizza and Pasta,1431 Arch St,19102,39.9547868,-75.1644935,4,56,1,TRUE,FALSE,NA,TRUE,TRUE,TRUE,NA,TRUE,NA,FALSE,TRUE,FALSE,FALSE,none,NA,casual,TRUE,NA,NA,NA,FALSE,NA,FALSE,19102
Cucina Maria,768 S 8th St,19147,39.93970452,-75.15625969,4.5,8,1,NA,NA,NA,TRUE,TRUE,NA,NA,NA,NA,NA,NA,,NA,NA,NA,NA,NA,NA,NA,NA,NA,NA,NA,19147
Olive Garden Italian Restaurant,9280 Roosevelt Blvd,19115,40.078537,-75.032031,3,129,1,TRUE,FALSE,2,TRUE,TRUE,TRUE,free,TRUE,TRUE,FALSE,TRUE,FALSE,NA,full_bar,TRUE,casual,TRUE,TRUE,NA,average,NA,NA,NA,19115
Mezzogiorno,"8000 Essington Ave, Level 2, Terminal B",19153,39.87403442,-75.24380409,2.5,40,1,TRUE,NA,2,TRUE,FALSE,NA,free,NA,NA,NA,NA,FALSE,NA,NA,FALSE,NA,NA,FALSE,NA,NA,NA,NA,NA,19153
Pizzeria Pesto,1925 S Broad St,19148,39.9261118,-75.1689709,4,120,1,TRUE,TRUE,2,TRUE,TRUE,TRUE,free,NA,NA,FALSE,TRUE,TRUE,FALSE,none,TRUE,casual,NA,TRUE,NA,average,NA,NA,NA,19148
Daiva's Grille,6750 Ridge Ave,19128,40.0413479,-75.2255195,3.5,92,1,TRUE,TRUE,1,TRUE,FALSE,FALSE,free,NA,NA,FALSE,FALSE,FALSE,NA,none,TRUE,casual,TRUE,TRUE,FALSE,average,NA,NA,NA,19128
Pizzeria Vetri,1615 Chancellor St,19103,39.94941083,-75.16869774,4,313,1,TRUE,TRUE,2,TRUE,TRUE,TRUE,free,TRUE,TRUE,None,TRUE,TRUE,TRUE,beer_and_wine,TRUE,casual,TRUE,TRUE,NA,average,NA,NA,NA,19103
Dolce Pizza,1619 Grant Ave,19115,40.08726094,-75.03991614,3.5,39,1,TRUE,FALSE,2,TRUE,TRUE,TRUE,free,NA,NA,FALSE,TRUE,TRUE,NA,none,TRUE,casual,NA,TRUE,NA,average,NA,NA,NA,19115
Il Ghiottone,2723 E Cumberland St,19125,39.9750224,-75.1183932,4.5,8,1,NA,NA,NA,None,None,NA,NA,NA,NA,NA,NA,,NA,NA,NA,NA,NA,NA,NA,NA,NA,NA,NA,19125
The Angelo Pizza,229 Market St,19106,39.9502888,-75.1446988,4.5,66,1,TRUE,NA,NA,TRUE,,NA,NA,NA,NA,TRUE,NA,,NA,NA,NA,NA,NA,NA,NA,NA,NA,NA,NA,19106
By George! Pizza Pasta & Cheesesteaks,51 N 12th St,19107,39.95322224,-75.15946963,4,284,1,TRUE,TRUE,2,TRUE,TRUE,TRUE,free,NA,FALSE,FALSE,FALSE,FALSE,NA,none,TRUE,casual,NA,TRUE,NA,loud,FALSE,NA,NA,19107
Cucina Italiana,2955 Market St,19104,39.95527419,-75.18213267,2.5,5,1,NA,NA,NA,,,NA,NA,NA,NA,NA,NA,,NA,NA,NA,NA,NA,NA,NA,NA,NA,NA,NA,19104
Bellini,220 S 16th St,19102,39.949084,-75.167867,3,318,1,TRUE,TRUE,2,FALSE,FALSE,TRUE,free,TRUE,TRUE,TRUE,TRUE,TRUE,NA,full_bar,TRUE,casual,TRUE,TRUE,FALSE,average,FALSE,no,NA,19102
Anthony's Italian Coffee House and Chocolate House,903 S 9th St,19147,39.9386913,-75.1577712,4,191,1,TRUE,TRUE,2,TRUE,TRUE,TRUE,free,NA,NA,TRUE,NA,,NA,NA,NA,NA,NA,NA,FALSE,NA,NA,NA,NA,19147
Bistro Romano,120 Lombard St,19147,39.94193725,-75.14468349,4,546,1,TRUE,FALSE,2,TRUE,TRUE,TRUE,free,TRUE,TRUE,TRUE,TRUE,TRUE,FALSE,full_bar,FALSE,dressy,TRUE,TRUE,NA,average,NA,no,NA,19147
Castellino's,1255 E Palmer St,19125,39.97233733,-75.12904046,5,72,1,TRUE,TRUE,1,TRUE,TRUE,TRUE,no,TRUE,NA,TRUE,FALSE,FALSE,FALSE,none,FALSE,casual,FALSE,FALSE,NA,NA,NA,NA,NA,19125
Alimentari,1730 Chestnut St,19103,39.95131096,-75.17006535,4.5,29,1,TRUE,NA,NA,,FALSE,NA,NA,NA,TRUE,FALSE,TRUE,TRUE,NA,NA,NA,casual,TRUE,TRUE,NA,NA,NA,NA,NA,19103
Aramingo's Best Pizza,2885 Aramingo Ave,19134,39.9846346,-75.1133642,4,38,1,TRUE,FALSE,1,TRUE,TRUE,TRUE,no,NA,NA,FALSE,TRUE,FALSE,NA,none,TRUE,casual,NA,FALSE,NA,NA,NA,NA,NA,19134
Renzi's Pizzeria,2728 Orthodox St,19137,39.99804,-75.0744267,3.5,39,1,TRUE,FALSE,2,TRUE,TRUE,TRUE,no,NA,NA,FALSE,TRUE,FALSE,NA,none,TRUE,casual,NA,TRUE,NA,average,NA,NA,NA,19137
Pizzeria Stella,420 S 2nd St,19147,39.94242471,-75.14568239,4,601,1,TRUE,TRUE,2,TRUE,TRUE,FALSE,no,NA,NA,TRUE,TRUE,FALSE,NA,full_bar,TRUE,casual,NA,TRUE,NA,average,NA,NA,NA,19147
Cotoletta Fitler Square,2227 Pine St,19103,39.9474735,-75.1791848,4,75,1,TRUE,NA,NA,TRUE,TRUE,TRUE,no,NA,TRUE,TRUE,TRUE,TRUE,NA,full_bar,NA,NA,TRUE,NA,NA,average,FALSE,NA,NA,19103
Branzino Italian Ristorante,261 S 17th St,19103,39.9480133,-75.1693585,3.5,331,1,TRUE,FALSE,2,TRUE,TRUE,TRUE,free,NA,FALSE,TRUE,FALSE,TRUE,NA,none,FALSE,dressy,TRUE,TRUE,NA,average,NA,NA,NA,19103
Little Sicily Pizza,1433 W Passyunk Ave,19145,39.9254545,-75.1708405,3,41,1,TRUE,NA,2,TRUE,TRUE,NA,NA,NA,NA,TRUE,TRUE,FALSE,NA,none,FALSE,casual,NA,FALSE,NA,NA,NA,NA,NA,19145
Bomb Bomb,1026 Wolf St,19148,39.9209915,-75.1643995,4,107,1,TRUE,TRUE,2,TRUE,TRUE,TRUE,no,NA,TRUE,FALSE,TRUE,TRUE,NA,full_bar,TRUE,casual,NA,FALSE,NA,average,NA,NA,TRUE,19148
Isabella Pizza,1824 E Passyunk Ave,19148,39.9271608,-75.1668506,3,149,1,TRUE,TRUE,2,TRUE,TRUE,TRUE,free,TRUE,FALSE,FALSE,FALSE,FALSE,NA,none,TRUE,casual,FALSE,FALSE,NA,average,FALSE,NA,NA,19148
Macaroni's Restaurant,9315 Old Bustleton Ave,19115,40.0817359,-75.0382522,4,211,1,TRUE,FALSE,3,TRUE,TRUE,TRUE,no,NA,TRUE,TRUE,TRUE,TRUE,NA,full_bar,FALSE,casual,TRUE,TRUE,NA,average,NA,NA,NA,19115
Slice,1180 S 10th St,19147,39.934678,-75.160539,3.5,302,1,FALSE,TRUE,2,TRUE,TRUE,TRUE,free,TRUE,FALSE,TRUE,TRUE,TRUE,FALSE,none,TRUE,casual,TRUE,TRUE,NA,average,FALSE,NA,TRUE,19147
DaFranco Pizzeria,742 Red Lion Rd,19115,40.1050859,-75.0337505,4,11,1,NA,NA,NA,,,NA,NA,NA,NA,NA,NA,,NA,NA,NA,NA,NA,NA,NA,NA,NA,NA,NA,19115
Gran Caffe L'Aquila,1716 Chestnut St,19103,39.9512789,-75.1695181,4.5,1138,1,TRUE,TRUE,2,TRUE,TRUE,TRUE,free,TRUE,TRUE,TRUE,TRUE,TRUE,FALSE,full_bar,TRUE,casual,TRUE,TRUE,NA,average,NA,NA,NA,19103
The Little Sicilian Food Truck,,19104,39.9547909,-75.1887721,3.5,30,1,TRUE,NA,1,TRUE,FALSE,NA,no,NA,NA,NA,NA,,NA,none,NA,NA,NA,NA,NA,NA,NA,NA,NA,19104
Domino's Pizza,"6391 Oxford Ave, Ste B",19111,40.044236,-75.087194,1.5,25,1,TRUE,TRUE,1,TRUE,TRUE,FALSE,no,NA,NA,FALSE,TRUE,FALSE,NA,none,TRUE,casual,NA,FALSE,NA,quiet,NA,NA,NA,19111
Via Locusta,1723 Locust St,19103,39.9489844,-75.1701508,4.5,144,1,TRUE,NA,3,TRUE,FALSE,TRUE,NA,TRUE,TRUE,TRUE,FALSE,TRUE,NA,full_bar,NA,casual,TRUE,NA,NA,average,FALSE,no,NA,19103
Renzis Pizzeria,6300 Battersby St,19149,40.02987,-75.0625976,3,58,1,TRUE,TRUE,2,TRUE,TRUE,NA,no,TRUE,NA,FALSE,TRUE,FALSE,NA,none,TRUE,casual,TRUE,TRUE,NA,average,NA,NA,NA,19149
Classic Pizza,748 E Tioga St,19134,40.0011832,-75.1147441,3,17,1,TRUE,NA,1,TRUE,TRUE,NA,no,TRUE,NA,FALSE,TRUE,FALSE,NA,none,TRUE,casual,NA,TRUE,NA,quiet,NA,NA,NA,19134
Bronze Table,111 S Independence Mall E,19106,39.9497563,-75.1480623,4,14,1,TRUE,NA,NA,TRUE,TRUE,TRUE,free,TRUE,TRUE,NA,TRUE,FALSE,NA,NA,NA,NA,NA,NA,NA,NA,NA,NA,NA,19106
Casta Diva,227 S 20th St,19103,39.9496781,-75.1738043,4.5,148,1,FALSE,TRUE,3,TRUE,TRUE,FALSE,no,FALSE,FALSE,TRUE,FALSE,TRUE,NA,none,FALSE,casual,TRUE,TRUE,NA,average,FALSE,NA,FALSE,19103
Radicchio Cafe,402 Wood St,19106,39.956611,-75.1463377,4,309,1,TRUE,TRUE,2,TRUE,FALSE,TRUE,no,FALSE,FALSE,TRUE,FALSE,TRUE,FALSE,none,FALSE,casual,TRUE,TRUE,NA,average,FALSE,NA,FALSE,19106
Two Eagles Cafe,1401 S 20th St,19146,39.93405627,-75.17732062,4.5,60,1,TRUE,NA,NA,TRUE,TRUE,NA,free,TRUE,FALSE,TRUE,TRUE,FALSE,NA,none,NA,NA,TRUE,NA,NA,NA,NA,NA,NA,19146
Fiore Fine Foods,757 S Front St,19147,39.938608,-75.144302,4.5,89,1,TRUE,FALSE,NA,TRUE,FALSE,FALSE,free,TRUE,TRUE,TRUE,FALSE,TRUE,TRUE,full_bar,NA,NA,TRUE,NA,NA,average,FALSE,NA,NA,19147
Little Nonna's,1234 Locust St,19107,39.94778644,-75.16189281,4,1147,1,TRUE,TRUE,2,TRUE,TRUE,FALSE,no,NA,FALSE,None,FALSE,TRUE,FALSE,full_bar,FALSE,casual,NA,TRUE,NA,average,NA,NA,NA,19107
Di Bruno Bros.,1730 Chestnut St,19103,39.951311,-75.1700653,4,550,1,TRUE,TRUE,2,None,None,TRUE,free,TRUE,NA,None,FALSE,FALSE,FALSE,none,TRUE,casual,NA,TRUE,NA,average,NA,NA,FALSE,19103
Maggiano's Little Italy,1201 Filbert St,19107,39.9531992,-75.1602278,3.5,676,1,TRUE,TRUE,2,TRUE,TRUE,TRUE,free,NA,TRUE,None,TRUE,TRUE,FALSE,full_bar,TRUE,casual,TRUE,TRUE,NA,average,NA,no,FALSE,19107
Azione,241 Chestnut St,19106,39.948674,-75.145814,2,5,1,TRUE,NA,2,TRUE,FALSE,FALSE,no,NA,NA,FALSE,TRUE,TRUE,NA,full_bar,TRUE,casual,NA,TRUE,NA,average,NA,NA,NA,19106
Montesini Pizza,6420 Frankford Ave,19135,40.02951086,-75.05838567,4,55,1,TRUE,FALSE,1,TRUE,TRUE,FALSE,NA,NA,NA,FALSE,TRUE,FALSE,NA,beer_and_wine,TRUE,casual,NA,TRUE,NA,average,NA,NA,NA,19135
Popi's Italian Restaurant,3120 S 20th St,19145,39.91159645,-75.18263594,3.5,153,1,TRUE,TRUE,2,TRUE,TRUE,TRUE,no,NA,NA,TRUE,TRUE,TRUE,NA,full_bar,TRUE,casual,NA,TRUE,NA,average,NA,NA,NA,19145
Drougie's Pizza,3542 Cottman Ave,19149,40.036958,-75.0415951,2.5,90,1,TRUE,TRUE,1,TRUE,TRUE,TRUE,no,TRUE,NA,FALSE,TRUE,FALSE,NA,none,TRUE,casual,FALSE,TRUE,NA,very_loud,NA,NA,NA,19149
Fiorella,817 Christian St,19147,39.93886778,-75.156939,4.5,120,1,TRUE,FALSE,NA,FALSE,FALSE,FALSE,free,NA,FALSE,TRUE,FALSE,TRUE,FALSE,full_bar,NA,NA,NA,NA,FALSE,average,NA,NA,NA,19147
Bruno's,9800 Germantown Pike,19118,40.086094,-75.230789,3,114,1,TRUE,TRUE,1,TRUE,TRUE,NA,free,NA,NA,TRUE,FALSE,FALSE,TRUE,none,TRUE,casual,TRUE,TRUE,NA,average,NA,NA,FALSE,19118
Matt & Marie's,"100 N 18th St, Ste 120",19103,39.9558026,-75.1694544,4,201,1,TRUE,TRUE,1,TRUE,TRUE,TRUE,free,NA,NA,FALSE,FALSE,FALSE,NA,none,TRUE,casual,NA,TRUE,NA,average,FALSE,NA,NA,19103
La Viola Ovest,252 S 16th St,19102,39.9480118,-75.1680247,3.5,209,1,TRUE,TRUE,2,TRUE,TRUE,FALSE,no,NA,NA,TRUE,FALSE,TRUE,NA,none,FALSE,casual,NA,TRUE,NA,average,NA,NA,NA,19102
Positano Coast by Aldo Lamberti,"212 Walnut St, Fl 2",19106,39.9466579,-75.144724,3.5,689,1,TRUE,TRUE,2,TRUE,TRUE,TRUE,free,TRUE,TRUE,TRUE,TRUE,TRUE,FALSE,full_bar,FALSE,casual,TRUE,TRUE,NA,average,FALSE,no,NA,19106
Palizzi Filippo Social Club,1408 S 12th St,19147,39.9321574,-75.1644109,4.5,15,1,FALSE,NA,3,FALSE,FALSE,NA,no,NA,NA,NA,NA,FALSE,NA,full_bar,FALSE,NA,NA,FALSE,NA,NA,NA,NA,NA,19147
Pitruco Pizza,,19104,39.9583587,-75.1953934,4.5,142,1,TRUE,TRUE,1,TRUE,FALSE,TRUE,no,NA,NA,TRUE,TRUE,FALSE,NA,none,TRUE,casual,NA,FALSE,NA,average,NA,NA,NA,19104
Enjay's Pizza,210 S 40th St,19104,39.9536784,-75.2027865,4,53,1,TRUE,FALSE,2,TRUE,TRUE,TRUE,free,NA,NA,FALSE,TRUE,TRUE,NA,full_bar,FALSE,casual,NA,TRUE,NA,average,NA,NA,NA,19104
Francoluigi's Pizzeria & Italian Restaurant,1549 S 13th St,19147,39.9302667,-75.1659499,4,303,1,TRUE,TRUE,2,TRUE,TRUE,TRUE,no,NA,NA,FALSE,TRUE,TRUE,FALSE,full_bar,TRUE,casual,TRUE,TRUE,NA,average,NA,NA,TRUE,19147
La Viola,"253 S 16th St, Apt 1",19102,39.947783,-75.1677739,3.5,524,1,FALSE,TRUE,2,TRUE,TRUE,FALSE,no,NA,NA,TRUE,FALSE,TRUE,NA,none,FALSE,casual,TRUE,TRUE,NA,loud,NA,NA,FALSE,19102
Melograno,2012 Sansom St,19103,39.9512428,-75.1741148,3.5,451,1,TRUE,TRUE,3,TRUE,FALSE,FALSE,no,TRUE,FALSE,TRUE,FALSE,TRUE,NA,none,FALSE,casual,TRUE,TRUE,NA,average,NA,NA,FALSE,19103
Tria Cafe Rittenhouse,123 S 18th St,19103,39.9509483,-75.1704197,4.5,880,1,TRUE,TRUE,3,TRUE,TRUE,FALSE,free,FALSE,FALSE,TRUE,FALSE,TRUE,TRUE,beer_and_wine,FALSE,casual,TRUE,TRUE,NA,average,FALSE,no,NA,19103
Randi's Restaurant and Bar,1619 Grant Ave,19115,40.087697,-75.038827,3,104,1,TRUE,FALSE,2,TRUE,TRUE,TRUE,no,NA,NA,TRUE,TRUE,TRUE,NA,full_bar,TRUE,casual,NA,TRUE,NA,loud,NA,NA,NA,19115
Frank's Pizza,3600 Fisk Ave,19129,40.0131443,-75.1942878,4,109,1,TRUE,TRUE,1,TRUE,TRUE,NA,NA,NA,NA,TRUE,TRUE,FALSE,NA,none,TRUE,casual,NA,FALSE,NA,average,NA,NA,NA,19129
Pat's Pizza & Pasta,1410 S St,19146,39.943568,-75.166054,3,36,1,TRUE,TRUE,NA,TRUE,TRUE,TRUE,free,FALSE,FALSE,TRUE,TRUE,FALSE,NA,none,NA,NA,FALSE,NA,NA,NA,FALSE,NA,NA,19146
Lorenzo's Cafe Espresso Ristorante Italiano,4741 Princeton Ave,19135,40.02736284,-75.03792834,4.5,58,1,FALSE,FALSE,2,TRUE,FALSE,TRUE,free,FALSE,FALSE,FALSE,FALSE,TRUE,FALSE,none,TRUE,casual,TRUE,TRUE,NA,average,FALSE,NA,FALSE,19135
Osteria,640 N Broad St,19130,39.965015,-75.161076,4,877,1,TRUE,TRUE,3,TRUE,TRUE,TRUE,free,TRUE,TRUE,TRUE,FALSE,TRUE,NA,full_bar,FALSE,casual,TRUE,TRUE,NA,average,FALSE,no,NA,19130
Nook Bakery & Coffee Bar,15 S 20th St,19103,39.952725,-75.1729016,4.5,304,1,TRUE,TRUE,1,TRUE,TRUE,TRUE,free,NA,NA,FALSE,FALSE,FALSE,NA,none,TRUE,casual,NA,TRUE,NA,quiet,FALSE,NA,NA,19103
PrimoHoagies,6602 Frankford Ave,19135,40.03096571,-75.05482427,2.5,21,1,TRUE,NA,1,TRUE,TRUE,TRUE,no,NA,NA,FALSE,TRUE,FALSE,NA,none,TRUE,casual,NA,TRUE,NA,average,NA,NA,NA,19135
Lazaro's Pizzeria & Grill,1743 South St,19146,39.944571,-75.171679,4,368,1,FALSE,TRUE,1,TRUE,TRUE,TRUE,no,TRUE,NA,None,TRUE,FALSE,FALSE,none,TRUE,casual,FALSE,TRUE,NA,average,NA,NA,NA,19146
Dante & Luigi's,762 S 10th St,19147,39.94006878,-75.15942296,4,415,1,TRUE,TRUE,2,TRUE,FALSE,FALSE,no,NA,FALSE,FALSE,FALSE,TRUE,FALSE,full_bar,FALSE,casual,TRUE,TRUE,NA,average,NA,NA,NA,19147
A Mano,2244 Fairmount Ave,19130,39.96723439,-75.17532116,4.5,217,1,TRUE,FALSE,3,TRUE,FALSE,FALSE,no,TRUE,FALSE,TRUE,FALSE,TRUE,FALSE,none,FALSE,casual,TRUE,TRUE,NA,average,NA,NA,FALSE,19130
Jim's South St,400 S St,19147,39.941498,-75.149272,3.5,2736,1,FALSE,TRUE,2,None,TRUE,TRUE,no,TRUE,NA,None,FALSE,FALSE,NA,beer_and_wine,TRUE,casual,FALSE,TRUE,NA,average,FALSE,NA,FALSE,19147
Sbarro,8000 Essington Ave,19153,39.895192,-75.227973,3,29,1,TRUE,FALSE,1,TRUE,TRUE,FALSE,no,NA,NA,FALSE,TRUE,FALSE,NA,none,TRUE,casual,NA,TRUE,NA,average,NA,NA,NA,19153
Toto's Pizzeria,6555 Greene St,19119,40.043998,-75.190724,3,136,1,TRUE,TRUE,1,TRUE,TRUE,TRUE,no,NA,NA,FALSE,TRUE,FALSE,NA,none,TRUE,casual,NA,TRUE,NA,average,NA,NA,NA,19119
Santucci's Original Square Pizza,655 N Broad St,19123,39.96531,-75.16039,3,162,1,FALSE,FALSE,2,TRUE,TRUE,TRUE,free,TRUE,TRUE,TRUE,TRUE,TRUE,FALSE,full_bar,TRUE,casual,TRUE,TRUE,NA,average,FALSE,NA,NA,19123
Cacia's Bakery,1526 W Ritner St,19145,39.9209373,-75.1731796,4,82,1,FALSE,TRUE,1,TRUE,TRUE,TRUE,no,NA,NA,FALSE,TRUE,FALSE,NA,none,TRUE,casual,NA,FALSE,NA,quiet,NA,NA,NA,19145
PrimoHoagies,1501 E Susquehanna Ave,19125,39.97598497,-75.12677185,4,50,1,TRUE,TRUE,1,TRUE,TRUE,TRUE,no,FALSE,NA,TRUE,TRUE,FALSE,TRUE,none,TRUE,casual,FALSE,FALSE,NA,quiet,NA,NA,NA,19125
Nomad Pizza Company,611 S 7th St,19147,39.9418368,-75.153837,4.5,566,1,TRUE,TRUE,2,TRUE,TRUE,TRUE,no,NA,TRUE,TRUE,TRUE,FALSE,NA,beer_and_wine,TRUE,casual,TRUE,TRUE,NA,average,NA,NA,NA,19147
The Gables Cafe,4600 Woodland Ave,19143,39.9441938,-75.2097087,5,14,1,TRUE,TRUE,NA,TRUE,None,TRUE,free,TRUE,NA,TRUE,FALSE,,NA,none,NA,NA,TRUE,NA,NA,NA,NA,NA,FALSE,19143
Heffe,1431 Frankford Ave,19125,39.9731157,-75.1339186,3,229,1,FALSE,TRUE,1,TRUE,TRUE,FALSE,no,NA,NA,TRUE,TRUE,FALSE,NA,none,TRUE,casual,FALSE,TRUE,NA,average,NA,NA,NA,19125
The Couch Tomato Cafe,102 Rector St,19127,40.0247731,-75.2213162,4,604,1,TRUE,TRUE,2,TRUE,TRUE,TRUE,free,NA,NA,TRUE,TRUE,FALSE,FALSE,beer_and_wine,TRUE,casual,FALSE,TRUE,NA,average,FALSE,NA,NA,19127
Pietro's Coal Oven Pizzeria,1714 Walnut St,19103,39.9497512,-75.1699969,3.5,751,1,TRUE,TRUE,2,TRUE,TRUE,TRUE,no,NA,TRUE,TRUE,TRUE,TRUE,FALSE,full_bar,TRUE,casual,TRUE,TRUE,NA,average,NA,NA,FALSE,19103
Rustica,903 N 2nd St,19123,39.9642199,-75.1404574,4,312,1,TRUE,TRUE,1,TRUE,TRUE,TRUE,free,NA,NA,TRUE,TRUE,FALSE,TRUE,none,TRUE,casual,FALSE,TRUE,NA,average,NA,NA,FALSE,19123
The Victor Cafe,1303 Dickinson St,19147,39.931653,-75.166327,4.5,437,1,TRUE,FALSE,2,FALSE,FALSE,FALSE,no,FALSE,FALSE,TRUE,FALSE,TRUE,FALSE,full_bar,FALSE,dressy,NA,TRUE,NA,average,FALSE,NA,NA,19147
Uncle Tomy's,1653 S 27th St,19145,39.932068,-75.189729,3,28,1,TRUE,TRUE,1,TRUE,TRUE,TRUE,no,NA,NA,FALSE,FALSE,FALSE,NA,none,TRUE,casual,NA,TRUE,NA,quiet,FALSE,NA,NA,19145
Square Pie,801 E Passyunk Ave,19147,39.9385948,-75.1526455,4.5,145,1,TRUE,TRUE,2,TRUE,FALSE,FALSE,no,NA,NA,None,TRUE,FALSE,FALSE,none,TRUE,casual,TRUE,TRUE,NA,average,NA,NA,NA,19147
Zaccone's Restaurant,3151 Cottman Ave,19149,40.040781,-75.0478131,3.5,48,1,FALSE,FALSE,2,TRUE,FALSE,TRUE,no,NA,NA,FALSE,FALSE,TRUE,NA,none,TRUE,casual,NA,TRUE,NA,quiet,FALSE,NA,NA,19149
Three Countries Pizzeria,1626 Dickinson St,19146,39.9321252,-75.1723005,2.5,42,1,TRUE,NA,NA,TRUE,TRUE,FALSE,NA,NA,NA,NA,NA,FALSE,NA,none,TRUE,NA,NA,TRUE,NA,NA,NA,NA,NA,19146
Barbuzzo,110 S 13th St,19107,39.950007,-75.1621577,4.5,2893,1,TRUE,TRUE,2,TRUE,TRUE,FALSE,no,NA,TRUE,TRUE,TRUE,TRUE,FALSE,full_bar,FALSE,casual,TRUE,FALSE,NA,average,NA,NA,NA,19107
Burrata,1247 S 13th St,19147,39.93392524,-75.16524307,4.5,155,1,TRUE,TRUE,2,TRUE,FALSE,TRUE,no,FALSE,FALSE,TRUE,FALSE,TRUE,FALSE,none,FALSE,casual,TRUE,FALSE,NA,average,FALSE,NA,FALSE,19147
Aldo Lamberti Trattoria,8500 Essington Ave,19153,39.874953,-75.241206,4.5,107,1,TRUE,FALSE,1,TRUE,FALSE,FALSE,no,NA,NA,FALSE,TRUE,FALSE,NA,none,TRUE,casual,FALSE,TRUE,NA,average,NA,NA,NA,19153
Her Place,1740 Sansom St,19103,39.9507452,-75.1701679,4.5,14,1,NA,NA,NA,,,NA,NA,NA,NA,NA,NA,,NA,NA,NA,NA,NA,NA,NA,NA,NA,NA,NA,19103
Giorgio On Pine,1328 Pine St,19107,39.94533938,-75.16445446,4,954,1,TRUE,TRUE,2,TRUE,None,FALSE,no,FALSE,NA,None,TRUE,TRUE,FALSE,none,TRUE,casual,TRUE,TRUE,NA,average,NA,NA,NA,19107
Dolce Italian - Philadelphia,1437 Chestnut St,19102,39.95152995,-75.16506344,4,9,1,NA,NA,NA,,,NA,NA,NA,NA,NA,NA,,FALSE,NA,NA,NA,NA,FALSE,NA,NA,NA,NA,NA,19102
Sotto,151 S 24th St,19103,39.95134944,-75.17939467,4,175,1,TRUE,TRUE,2,TRUE,TRUE,TRUE,no,FALSE,FALSE,TRUE,FALSE,TRUE,FALSE,none,FALSE,casual,TRUE,TRUE,NA,loud,FALSE,NA,FALSE,19103
Gatehouse ,4503 S Broad St,19112,39.8966261,-75.1754003,3.5,73,1,TRUE,TRUE,2,TRUE,TRUE,TRUE,free,TRUE,TRUE,TRUE,TRUE,TRUE,TRUE,full_bar,FALSE,casual,TRUE,TRUE,NA,NA,NA,yes,NA,19112
Mangia Macaroni,1543 Spring Garden St,19130,39.9630572,-75.1643311,4,69,1,TRUE,TRUE,2,TRUE,TRUE,TRUE,free,FALSE,NA,TRUE,FALSE,FALSE,TRUE,none,NA,NA,TRUE,NA,NA,NA,NA,NA,FALSE,19130
Di Bruno Bros.,1701 Jfk Blvd,19103,39.954251,-75.168476,3.5,60,1,TRUE,TRUE,2,TRUE,FALSE,TRUE,no,NA,NA,FALSE,FALSE,FALSE,NA,none,TRUE,casual,NA,TRUE,NA,loud,NA,NA,NA,19103
Lamberti Pizza and Market,707 Chestnut St,19106,39.94973464,-75.15260484,4.5,11,1,NA,NA,NA,,,NA,NA,NA,NA,NA,NA,,NA,NA,NA,NA,NA,NA,NA,NA,NA,NA,NA,19106
AURA,628 N Front St,19123,39.9612273,-75.1387381,2,22,1,TRUE,FALSE,2,FALSE,FALSE,NA,free,NA,NA,FALSE,TRUE,TRUE,NA,full_bar,FALSE,dressy,NA,TRUE,NA,average,NA,NA,NA,19123
Pizza Warehouse,"1000 Diamond St, Ste 114",19122,39.9834801,-75.1499321,3,5,1,TRUE,NA,1,TRUE,TRUE,TRUE,free,NA,NA,TRUE,TRUE,FALSE,NA,full_bar,TRUE,casual,NA,TRUE,NA,quiet,NA,NA,NA,19122
Giovani's Bar & Grill,1533 Chestnut St,19102,39.9512545,-75.16669584,4,215,1,TRUE,TRUE,1,TRUE,TRUE,TRUE,free,TRUE,TRUE,TRUE,TRUE,FALSE,FALSE,full_bar,FALSE,casual,TRUE,TRUE,NA,average,FALSE,no,NA,19102
Tortilleria San Roman,951 S 9th St,19147,39.937636,-75.15808247,5,219,1,TRUE,FALSE,1,TRUE,TRUE,FALSE,no,FALSE,NA,None,FALSE,FALSE,NA,none,TRUE,casual,FALSE,FALSE,NA,average,NA,NA,NA,19147
PTG Catering,6813 Ridge Ave,19128,40.0428057,-75.2264191,4.5,32,1,TRUE,FALSE,2,TRUE,TRUE,TRUE,free,NA,NA,FALSE,FALSE,FALSE,NA,none,FALSE,casual,NA,TRUE,NA,loud,FALSE,NA,NA,19128
Nannie Franco’s Pizzeria,910 S 9th St,19147,39.93862664,-75.15804599,4.5,33,1,NA,NA,NA,TRUE,TRUE,NA,NA,NA,NA,NA,NA,,NA,NA,NA,NA,NA,NA,NA,NA,NA,NA,NA,19147
Parmigiana,501 Fairmount Ave,19123,39.96335986,-75.1468193,4.5,12,1,NA,NA,NA,TRUE,TRUE,NA,NA,NA,NA,NA,NA,,NA,NA,NA,NA,NA,NA,NA,NA,NA,NA,NA,19123
Rione,102 S 21st St,19103,39.9520434,-75.1756387,4.5,208,1,TRUE,FALSE,1,TRUE,TRUE,TRUE,free,TRUE,TRUE,FALSE,TRUE,FALSE,FALSE,none,TRUE,casual,FALSE,TRUE,NA,average,FALSE,NA,NA,19103
Ambrosia Ristorante BYOB,231 S 24th St,19103,39.9499785,-75.1796522,4.5,141,1,TRUE,TRUE,NA,TRUE,TRUE,FALSE,free,TRUE,FALSE,TRUE,FALSE,TRUE,TRUE,none,NA,casual,TRUE,NA,NA,average,FALSE,NA,FALSE,19103
Fiesta Pizza II,600 E Jamestown St,19128,40.03004661,-75.2063495,3,87,1,TRUE,TRUE,1,TRUE,TRUE,TRUE,free,NA,NA,FALSE,TRUE,FALSE,NA,none,TRUE,casual,NA,TRUE,NA,average,FALSE,NA,NA,19128
La Scala’s,"1701 John F Kennedy Blvd, Ste C100",19103,39.95458138,-75.16847008,2.5,9,1,NA,NA,NA,,,NA,NA,NA,NA,NA,TRUE,,NA,NA,NA,NA,NA,NA,NA,NA,NA,NA,NA,19103
Fishtown Pizza Truck,,19125,39.9793657,-75.1253492,4.5,9,1,FALSE,TRUE,1,TRUE,FALSE,FALSE,no,NA,NA,FALSE,FALSE,FALSE,NA,none,TRUE,casual,NA,TRUE,NA,NA,NA,NA,NA,19125
DiNapoli Pizza,3137 N Front St,19133,39.99852763,-75.129278,2,25,1,TRUE,TRUE,2,TRUE,TRUE,TRUE,paid,NA,NA,TRUE,TRUE,TRUE,NA,full_bar,TRUE,casual,TRUE,TRUE,NA,average,NA,NA,NA,19133
His & Hers Restaurant & Bar,216 S St,19147,39.941124,-75.14629,3,93,1,TRUE,TRUE,2,TRUE,None,TRUE,free,TRUE,TRUE,TRUE,TRUE,TRUE,NA,full_bar,FALSE,casual,TRUE,TRUE,NA,loud,NA,no,NA,19147
Dolce & Caffè,708 N 2nd St,19123,39.9622145,-75.1413898,4.5,111,1,TRUE,NA,1,TRUE,TRUE,NA,free,NA,NA,None,TRUE,FALSE,NA,none,TRUE,NA,NA,FALSE,NA,NA,NA,NA,NA,19123
La Casa Di Lucias,14425 Bustleton Ave,19116,40.132395,-75.0108678,3.5,42,1,TRUE,FALSE,2,TRUE,TRUE,TRUE,free,NA,TRUE,FALSE,TRUE,TRUE,NA,full_bar,TRUE,casual,NA,TRUE,NA,loud,NA,NA,NA,19116
Stogie Joe's Tavern,1801 E Passyunk Ave,19148,39.927559,-75.166057,3.5,295,1,FALSE,TRUE,2,TRUE,TRUE,NA,no,NA,NA,TRUE,TRUE,FALSE,NA,full_bar,NA,NA,NA,TRUE,NA,loud,NA,NA,NA,19148
L'anima,1001 S 17th St,19146,39.93947008,-75.17119993,4,128,1,TRUE,TRUE,2,TRUE,TRUE,TRUE,free,TRUE,NA,TRUE,FALSE,TRUE,TRUE,none,TRUE,casual,TRUE,TRUE,NA,average,FALSE,NA,NA,19146
Italian Express,2641 W Girard Ave,19130,39.9744283,-75.1802791,3.5,47,1,TRUE,TRUE,1,TRUE,TRUE,NA,no,NA,NA,FALSE,TRUE,FALSE,NA,none,TRUE,casual,NA,TRUE,NA,average,NA,NA,NA,19130
Tony Roni's Pizza Roxborough,"499 Domino Ln, Ste 4350",19128,40.0454066,-75.2327285,3.5,91,1,TRUE,TRUE,1,TRUE,TRUE,TRUE,free,NA,NA,FALSE,TRUE,FALSE,NA,none,TRUE,casual,NA,TRUE,NA,average,NA,NA,NA,19128
Noir Restaurant & Bar,1909 E Passyunk Ave,19148,39.9263049,-75.167423,4,154,1,TRUE,TRUE,2,TRUE,TRUE,TRUE,no,NA,TRUE,TRUE,TRUE,TRUE,NA,full_bar,FALSE,casual,TRUE,TRUE,NA,average,NA,outdoor,NA,19148
Dolce Carini,1929 Chestnut St,19103,39.9521232,-75.1729836,4,132,1,TRUE,TRUE,1,TRUE,TRUE,TRUE,no,NA,FALSE,TRUE,TRUE,FALSE,NA,none,TRUE,casual,NA,TRUE,NA,average,NA,NA,NA,19103
The QUICK FIXX,1511 South St,19146,39.944064,-75.1676029,4,324,1,TRUE,TRUE,2,TRUE,TRUE,TRUE,free,NA,FALSE,TRUE,FALSE,TRUE,NA,none,TRUE,casual,NA,TRUE,NA,average,NA,NA,NA,19146
Uncle Oogie's,36 Snyder Ave,19148,39.9209324,-75.1465573,3.5,65,1,TRUE,TRUE,2,TRUE,TRUE,TRUE,free,TRUE,NA,FALSE,TRUE,FALSE,NA,none,TRUE,casual,TRUE,TRUE,NA,average,NA,NA,FALSE,19148
Maglio Sausage,3632 S 3rd St,19148,39.9015752,-75.1554563,5,14,1,TRUE,TRUE,1,TRUE,TRUE,TRUE,no,NA,NA,NA,NA,,NA,none,NA,NA,NA,NA,NA,quiet,NA,NA,NA,19148
Nitty's Tavern,1720 W Moyamensing Ave,19145,39.914962,-75.1766207,3.5,8,1,FALSE,NA,NA,TRUE,TRUE,TRUE,NA,NA,NA,TRUE,TRUE,TRUE,NA,full_bar,NA,NA,TRUE,NA,NA,NA,NA,NA,NA,19145
Doliva Evoo Pizza & Grill ,1009 N Bodine St,19123,39.96723008,-75.14098083,4.5,83,1,TRUE,TRUE,NA,TRUE,TRUE,TRUE,free,TRUE,NA,TRUE,TRUE,FALSE,NA,none,NA,casual,TRUE,NA,NA,NA,NA,NA,FALSE,19123
La Famiglia Ristorante,8 S Front St,19106,39.9494022,-75.1424185,4,140,1,TRUE,TRUE,3,TRUE,TRUE,FALSE,free,FALSE,FALSE,TRUE,FALSE,TRUE,NA,full_bar,FALSE,dressy,TRUE,TRUE,NA,quiet,NA,NA,NA,19106
Trattoria Moma,7131 Germantown Ave,19119,40.0593185,-75.1900363,4.5,136,1,TRUE,TRUE,2,TRUE,FALSE,TRUE,no,NA,NA,TRUE,FALSE,TRUE,NA,none,FALSE,casual,TRUE,TRUE,NA,average,NA,NA,NA,19119
Brandywine Pizza,532 N 15th St,19130,39.9633082,-75.1631614,2.5,111,1,TRUE,FALSE,2,TRUE,TRUE,FALSE,no,FALSE,FALSE,FALSE,FALSE,FALSE,FALSE,none,TRUE,casual,FALSE,TRUE,NA,average,FALSE,NA,NA,19130
"Angelino's Restaurant, Fairmount- Philadelphia",849 N 25th St,19130,39.9712971,-75.1776345,4,205,1,TRUE,TRUE,2,TRUE,TRUE,TRUE,free,TRUE,FALSE,FALSE,FALSE,TRUE,FALSE,none,TRUE,casual,TRUE,TRUE,FALSE,average,FALSE,NA,FALSE,19130
Fairmount Pizza and Grill,2000 Fairmount Ave,19130,39.9670886,-75.1703389,3.5,222,1,TRUE,TRUE,2,TRUE,TRUE,TRUE,free,TRUE,NA,FALSE,TRUE,FALSE,NA,beer_and_wine,TRUE,casual,NA,TRUE,NA,average,NA,NA,NA,19130
Di Bruno Bros.,930 S 9th St,19147,39.938041,-75.1582152,4.5,250,1,TRUE,TRUE,2,TRUE,TRUE,TRUE,no,NA,NA,FALSE,FALSE,FALSE,NA,none,FALSE,casual,FALSE,FALSE,NA,average,NA,NA,NA,19147
Talluto's Authentic Italian Food,944 S 9th St,19147,39.9377201,-75.1582494,4.5,63,1,TRUE,TRUE,2,TRUE,TRUE,FALSE,no,NA,NA,FALSE,TRUE,FALSE,NA,none,FALSE,casual,NA,FALSE,NA,average,NA,NA,NA,19147
San Lucas Pizzeria,2000 S Bouvier St,19145,39.9262902,-75.1754459,4.5,27,1,FALSE,NA,1,TRUE,TRUE,NA,no,NA,NA,FALSE,TRUE,FALSE,NA,NA,TRUE,casual,NA,FALSE,NA,average,NA,NA,NA,19145
Bentoulis Pizza,1226 E Hunting Park Ave,19124,40.0106236,-75.102975,4,41,1,TRUE,TRUE,1,TRUE,TRUE,FALSE,no,NA,NA,FALSE,FALSE,FALSE,NA,none,TRUE,casual,NA,TRUE,NA,average,NA,NA,NA,19124
Square on Square,274 S 20th St,19103,39.948333,-75.174521,3.5,246,1,TRUE,TRUE,2,TRUE,TRUE,TRUE,free,TRUE,NA,FALSE,FALSE,TRUE,FALSE,full_bar,TRUE,casual,NA,TRUE,NA,average,FALSE,NA,NA,19103
Entree BYOB,1608 South St,19146,39.94401102,-75.16914039,4.5,408,1,TRUE,TRUE,3,TRUE,TRUE,TRUE,free,TRUE,FALSE,TRUE,TRUE,TRUE,NA,none,FALSE,casual,TRUE,TRUE,NA,average,NA,NA,NA,19146
Lorenzo & Sons Pizza,305 S St,19147,39.941596,-75.1478101,4,657,1,FALSE,TRUE,1,TRUE,FALSE,FALSE,no,NA,NA,FALSE,TRUE,FALSE,NA,none,TRUE,casual,FALSE,FALSE,NA,average,NA,NA,NA,19147
Zio's Brick Oven Pizzeria,111 S 13th St,19107,39.9500908,-75.1617499,3.5,193,1,NA,TRUE,1,TRUE,TRUE,TRUE,no,NA,NA,FALSE,TRUE,,NA,none,TRUE,casual,NA,TRUE,NA,average,NA,NA,NA,19107
Mr Joe's Cafe,1514 S 8th St,19147,39.9299417,-75.1584946,4.5,66,1,FALSE,TRUE,2,TRUE,FALSE,FALSE,free,NA,NA,FALSE,FALSE,FALSE,FALSE,none,TRUE,casual,NA,TRUE,NA,average,NA,NA,NA,19147
Tuscany Ristorante,2418 Rhawn St,19152,40.0569781,-75.0478281,3.5,64,1,TRUE,NA,2,TRUE,TRUE,TRUE,no,NA,NA,FALSE,TRUE,TRUE,NA,none,TRUE,casual,NA,FALSE,NA,very_loud,NA,NA,NA,19152
Le Virtu,1927 E Passyunk Ave,19148,39.926032,-75.1678,4,389,1,TRUE,TRUE,3,FALSE,TRUE,FALSE,no,FALSE,TRUE,TRUE,TRUE,TRUE,FALSE,full_bar,FALSE,casual,TRUE,TRUE,NA,average,NA,NA,NA,19148
DaMò Pasta Lab,105 S 12th St,19107,39.9502973,-75.1601048,4.5,177,1,TRUE,TRUE,2,TRUE,TRUE,TRUE,free,TRUE,FALSE,FALSE,TRUE,FALSE,FALSE,none,NA,NA,FALSE,NA,NA,NA,NA,NA,FALSE,19107
Italian Kitchen,2035 N 63rd St,19151,39.98642134,-75.247951,3,24,1,TRUE,NA,1,TRUE,TRUE,TRUE,paid,NA,NA,FALSE,TRUE,TRUE,NA,NA,TRUE,casual,NA,TRUE,NA,NA,NA,NA,NA,19151
Randazzo's Pizzeria,1826 S St,19146,39.94449279,-75.17261228,4,153,1,TRUE,TRUE,1,TRUE,TRUE,FALSE,no,NA,TRUE,FALSE,TRUE,FALSE,NA,none,TRUE,casual,NA,TRUE,FALSE,average,NA,NA,NA,19146
Figo,1033 N 2nd St,19123,39.967481,-75.1398075,3,33,1,TRUE,NA,NA,TRUE,TRUE,TRUE,free,TRUE,NA,TRUE,TRUE,,NA,full_bar,NA,NA,TRUE,NA,NA,NA,NA,no,NA,19123
L'Angolo Ristorante,1415 W Porter St,19145,39.919628,-75.1713762,4.5,386,1,TRUE,TRUE,2,TRUE,TRUE,FALSE,no,NA,NA,TRUE,TRUE,TRUE,FALSE,none,FALSE,casual,TRUE,TRUE,TRUE,average,NA,NA,NA,19145
Mexi-Talian Grill Restaurant,413 S St,19147,39.9417497,-75.1495947,4.5,15,1,NA,TRUE,NA,TRUE,TRUE,NA,free,TRUE,NA,TRUE,NA,,NA,NA,NA,NA,TRUE,NA,FALSE,NA,NA,NA,NA,19147
Fitzwater Cafe,728 S 7th St,19147,39.9405063,-75.1545227,4,240,1,FALSE,TRUE,2,TRUE,TRUE,FALSE,no,NA,NA,TRUE,TRUE,FALSE,NA,none,TRUE,casual,NA,TRUE,NA,average,NA,NA,NA,19147
Old City Pizza,100 N 3rd St,19106,39.95232879,-75.14531583,3,196,1,TRUE,TRUE,1,TRUE,TRUE,FALSE,no,NA,NA,FALSE,TRUE,FALSE,NA,none,TRUE,casual,TRUE,TRUE,NA,average,NA,NA,NA,19106
3 Brothers Pizza & Pasta,2621 E Ontario St,19134,39.987659,-75.098389,4,21,1,NA,NA,NA,TRUE,TRUE,NA,NA,NA,NA,NA,NA,,NA,NA,NA,NA,NA,NA,NA,NA,NA,NA,NA,19134
Alice Pizza,235 S 15th St,19102,39.948332,-75.166127,4.5,243,1,TRUE,FALSE,2,TRUE,TRUE,TRUE,free,TRUE,TRUE,TRUE,TRUE,TRUE,FALSE,full_bar,TRUE,casual,TRUE,TRUE,NA,average,NA,NA,NA,19102
Emma's Cafe,7311 Frankford Ave,19136,40.03677368,-75.03994751,4,81,1,TRUE,TRUE,2,TRUE,TRUE,FALSE,no,NA,NA,FALSE,TRUE,TRUE,NA,none,TRUE,casual,NA,TRUE,NA,quiet,NA,NA,NA,19136
La Fontana Della Citta,1701 Spruce St,19103,39.9477642,-75.1696977,3,379,1,TRUE,TRUE,2,TRUE,TRUE,FALSE,no,NA,NA,TRUE,TRUE,TRUE,NA,none,FALSE,casual,TRUE,TRUE,NA,average,NA,NA,NA,19103
Angelo's Pizza,11036 Rennard St,19116,40.121646,-75.035263,3.5,33,1,TRUE,FALSE,2,TRUE,TRUE,TRUE,no,NA,NA,FALSE,TRUE,FALSE,NA,none,TRUE,casual,NA,TRUE,NA,quiet,NA,NA,NA,19116
Farina pasta and Noodle,132 South 17th St,19103,39.95053088,-75.16919694,4.5,24,1,TRUE,TRUE,NA,TRUE,TRUE,TRUE,no,NA,NA,FALSE,FALSE,FALSE,NA,none,NA,NA,FALSE,NA,NA,NA,FALSE,NA,NA,19103
J&J South Philly Pizza,1177 S 9th St,19147,39.9343749,-75.1587416,2.5,156,1,TRUE,TRUE,2,TRUE,TRUE,TRUE,free,TRUE,NA,TRUE,TRUE,FALSE,NA,none,TRUE,casual,NA,TRUE,NA,average,NA,NA,NA,19147
Santucci's Original Square Pizza,901 S 10th St,19147,39.9390394,-75.159227,3.5,469,1,FALSE,TRUE,2,TRUE,TRUE,TRUE,free,NA,NA,TRUE,TRUE,TRUE,NA,none,TRUE,casual,NA,TRUE,NA,average,NA,NA,NA,19147
Pizzeria Cappelli,209 S 13th St,19107,39.9484368,-75.162081,3.5,123,1,TRUE,TRUE,1,TRUE,TRUE,TRUE,no,NA,NA,TRUE,TRUE,FALSE,NA,none,TRUE,casual,NA,TRUE,NA,NA,NA,NA,NA,19107
Trendsetters Bar & Lounge,5301 Woodland Ave,19143,39.93741282,-75.2179368,3.5,12,1,TRUE,FALSE,2,TRUE,TRUE,TRUE,free,TRUE,TRUE,TRUE,TRUE,FALSE,NA,full_bar,FALSE,casual,TRUE,TRUE,NA,loud,FALSE,no,FALSE,19143
Panorama,14 N Front St,19106,39.950201,-75.142285,4,324,1,TRUE,FALSE,3,TRUE,TRUE,FALSE,free,TRUE,TRUE,TRUE,TRUE,TRUE,NA,full_bar,FALSE,dressy,TRUE,TRUE,FALSE,quiet,NA,no,NA,19106
Marcello’s Pizza-Grill,10849 Bustleton Ave,19116,40.1102701,-75.024101,4,8,1,NA,NA,NA,TRUE,TRUE,NA,NA,NA,NA,NA,NA,,NA,NA,NA,NA,NA,NA,NA,NA,NA,NA,NA,19116
Ristorante Aroma,1245 3rd St,19147,39.9318715,-75.14950015,4.5,137,1,TRUE,FALSE,3,TRUE,None,TRUE,free,NA,NA,TRUE,FALSE,TRUE,NA,none,FALSE,dressy,TRUE,TRUE,NA,average,NA,NA,NA,19147
South Philly Italian Kitchen,311 W Mt Pleasant Ave,19119,40.0541409,-75.1944474,4.5,43,1,TRUE,TRUE,NA,TRUE,TRUE,TRUE,free,TRUE,TRUE,TRUE,FALSE,TRUE,NA,beer_and_wine,NA,NA,TRUE,NA,NA,NA,NA,NA,FALSE,19119
Roman's Pizza,6613 Ridge Ave,19128,40.039176,-75.223424,3,40,1,TRUE,FALSE,2,TRUE,TRUE,FALSE,no,NA,NA,FALSE,TRUE,FALSE,NA,none,FALSE,casual,NA,FALSE,NA,average,NA,NA,NA,19128
Dump-N-Roll,,19104,39.9583587,-75.1953934,4.5,173,1,TRUE,TRUE,1,TRUE,TRUE,TRUE,no,FALSE,NA,TRUE,FALSE,FALSE,NA,none,TRUE,casual,FALSE,TRUE,NA,average,NA,NA,NA,19104
Brick House Pizza & Restaurant,3332 Grant Ave,19114,40.068067,-75.006396,3,5,1,TRUE,NA,1,TRUE,TRUE,NA,NA,NA,NA,TRUE,NA,TRUE,NA,NA,TRUE,casual,NA,TRUE,NA,NA,NA,NA,NA,19114
PrimoHoagies,"2417 Welsh Rd, Ste 12",19114,40.07186795,-75.03044933,3,34,1,TRUE,FALSE,2,TRUE,TRUE,TRUE,no,NA,NA,FALSE,TRUE,FALSE,NA,none,TRUE,casual,NA,TRUE,NA,quiet,NA,NA,NA,19114
Barrel's Fine Food,1725 Wolf St,19145,39.9228596,-75.1759474,4,49,1,TRUE,TRUE,2,TRUE,TRUE,TRUE,no,FALSE,NA,FALSE,TRUE,TRUE,NA,none,TRUE,casual,NA,TRUE,NA,loud,NA,NA,NA,19145
T&N HomeMade Kitchen,1820 W Moyamensing Ave,19145,39.9143957,-75.1781475,4,83,1,TRUE,TRUE,1,TRUE,TRUE,TRUE,free,NA,NA,TRUE,TRUE,TRUE,NA,none,TRUE,casual,NA,FALSE,NA,average,NA,NA,NA,19145
Gearo's,1913 Welsh Rd,19115,40.0820736,-75.0372482,3.5,89,1,TRUE,FALSE,2,TRUE,TRUE,TRUE,no,NA,NA,FALSE,TRUE,FALSE,NA,full_bar,TRUE,casual,NA,TRUE,NA,average,NA,NA,NA,19115
PrimoHoagies,2043 Chestnut St,19103,39.95236268,-75.17501771,4,154,1,TRUE,TRUE,1,TRUE,TRUE,TRUE,no,NA,NA,FALSE,TRUE,FALSE,NA,none,TRUE,casual,NA,TRUE,NA,average,NA,NA,NA,19103
West Point Pizza,201 N 63rd St,19139,39.9658774,-75.2458779,2,16,1,TRUE,FALSE,1,TRUE,TRUE,TRUE,no,NA,NA,FALSE,TRUE,FALSE,NA,none,TRUE,casual,NA,TRUE,NA,quiet,NA,NA,NA,19139
PrimoHoagies,2703 E Clearfield St,19134,39.98288108,-75.10469556,4.5,18,1,TRUE,TRUE,1,TRUE,TRUE,TRUE,no,NA,NA,FALSE,TRUE,FALSE,NA,none,TRUE,casual,FALSE,TRUE,NA,quiet,NA,NA,NA,19134
Joe Santucci's Square Pizza Bar & Grill,4050 Woodhaven Rd,19154,40.0859595,-74.9711521,3.5,136,1,TRUE,TRUE,2,TRUE,TRUE,TRUE,free,TRUE,NA,TRUE,TRUE,FALSE,NA,full_bar,TRUE,casual,TRUE,TRUE,NA,average,FALSE,NA,FALSE,19154
P&S Ravioli Company,1722 W Oregon Ave,19145,39.9173293,-75.1771444,4,28,1,TRUE,FALSE,1,TRUE,TRUE,NA,no,NA,NA,NA,TRUE,FALSE,NA,NA,FALSE,casual,NA,FALSE,NA,NA,NA,NA,NA,19145
Pat's King of Steaks,1237 E Passyunk Ave,19147,39.93320106,-75.15926581,3,4250,1,FALSE,TRUE,2,TRUE,TRUE,FALSE,no,NA,FALSE,TRUE,TRUE,FALSE,TRUE,none,TRUE,casual,FALSE,TRUE,NA,average,NA,NA,FALSE,19147
Gnocchi,613 E Passyunk Ave,19147,39.9413851,-75.1503311,4,260,1,FALSE,TRUE,2,TRUE,TRUE,FALSE,no,NA,NA,TRUE,FALSE,TRUE,NA,none,FALSE,casual,NA,TRUE,NA,average,NA,NA,NA,19147
Chiquita's Pizzeria & Mexican Grill,746 Snyder Ave,19148,39.9229037,-75.1596341,5,48,1,TRUE,TRUE,NA,TRUE,TRUE,TRUE,NA,FALSE,NA,FALSE,NA,,NA,NA,TRUE,NA,NA,NA,NA,NA,NA,NA,FALSE,19148
Tortorice's Italian Specialty Sandwiches,233 S 20th St,19103,39.9494916,-75.1739356,4.5,101,1,TRUE,NA,NA,TRUE,TRUE,TRUE,free,NA,NA,None,TRUE,,NA,NA,NA,NA,NA,NA,NA,NA,NA,NA,NA,19103
Paganos Market and Bar,2001 Market St,19103,39.95430931,-75.17391773,3,77,1,TRUE,TRUE,2,TRUE,TRUE,TRUE,free,NA,TRUE,TRUE,TRUE,FALSE,NA,full_bar,FALSE,casual,NA,TRUE,NA,average,NA,NA,NA,19103
Pizzeria Beddia,1313 North Lee St,19122,39.970799,-75.13498943,4,599,1,TRUE,TRUE,2,TRUE,TRUE,FALSE,no,TRUE,FALSE,TRUE,FALSE,TRUE,FALSE,full_bar,FALSE,casual,TRUE,TRUE,NA,average,FALSE,no,TRUE,19122
Cicala at the Divine Lorraine,699 N Broad St,19123,39.9666803,-75.160056,4,62,1,TRUE,TRUE,NA,TRUE,TRUE,TRUE,free,TRUE,NA,TRUE,FALSE,TRUE,FALSE,full_bar,NA,NA,TRUE,TRUE,NA,average,NA,NA,TRUE,19123
Pizza Boli's,3883 Glendale St,19124,40.005815,-75.101674,2.5,19,1,TRUE,NA,2,TRUE,TRUE,TRUE,NA,NA,NA,NA,NA,FALSE,NA,NA,NA,NA,NA,FALSE,NA,NA,NA,NA,NA,19124
Caffe Ida,1732 W Passyunk Ave,19145,39.924223,-75.175689,5,33,1,TRUE,TRUE,1,TRUE,TRUE,TRUE,free,NA,NA,TRUE,TRUE,TRUE,NA,none,TRUE,casual,TRUE,TRUE,NA,average,NA,NA,FALSE,19145
PrimoHoagies,304 Market St,19106,39.949975,-75.146054,3,42,1,TRUE,FALSE,1,TRUE,TRUE,TRUE,free,NA,NA,FALSE,TRUE,FALSE,NA,none,TRUE,casual,NA,FALSE,NA,NA,NA,NA,NA,19106
Little Italy Pizza,901 South St,19147,39.942855,-75.157207,3.5,241,1,TRUE,TRUE,1,TRUE,TRUE,TRUE,no,NA,NA,TRUE,TRUE,FALSE,NA,none,TRUE,casual,FALSE,TRUE,NA,average,NA,NA,NA,19147
Ed's Buffalo Wings & Pizza,3513 Lancaster Ave,19104,39.9583155,-75.1928745,3,190,1,TRUE,TRUE,1,TRUE,TRUE,TRUE,free,NA,NA,FALSE,TRUE,FALSE,NA,none,TRUE,casual,NA,TRUE,NA,average,NA,NA,NA,19104
Mr Martino's Trattoria,1646 E Passyunk Ave,19148,39.929019,-75.164705,4,153,1,FALSE,TRUE,2,FALSE,TRUE,FALSE,no,NA,NA,FALSE,FALSE,TRUE,NA,none,FALSE,casual,NA,TRUE,NA,average,NA,NA,NA,19148
Barra Rossa Ristorante,929 Walnut St,19107,39.94856663,-75.157169,3.5,366,1,TRUE,TRUE,2,TRUE,TRUE,TRUE,free,NA,TRUE,FALSE,TRUE,TRUE,FALSE,full_bar,TRUE,casual,NA,TRUE,NA,average,NA,NA,NA,19107
Evo Brickoven Pizza,277 W Mt Pleasant Ave,19119,40.0546098,-75.1939698,4,172,1,TRUE,TRUE,2,TRUE,TRUE,TRUE,free,TRUE,FALSE,FALSE,FALSE,TRUE,FALSE,none,TRUE,casual,TRUE,TRUE,NA,quiet,FALSE,NA,NA,19119
Rocco's Italian Sausage,1601 S Columbus Blvd,19148,39.9255959,-75.14280209,4.5,89,1,FALSE,TRUE,1,TRUE,FALSE,NA,no,NA,NA,TRUE,TRUE,FALSE,NA,none,TRUE,casual,NA,TRUE,NA,average,NA,NA,NA,19148
Savas,3505 Lancaster Ave,19104,39.9583061,-75.1927263,3,228,1,TRUE,TRUE,2,TRUE,TRUE,TRUE,free,NA,TRUE,TRUE,TRUE,TRUE,NA,full_bar,TRUE,casual,TRUE,TRUE,NA,average,NA,NA,NA,19104
Villa Di Roma,936 S 9th St,19147,39.9379512,-75.158238,4,421,1,FALSE,TRUE,2,TRUE,FALSE,FALSE,free,NA,NA,FALSE,TRUE,TRUE,NA,full_bar,TRUE,casual,TRUE,TRUE,NA,average,NA,NA,NA,19147
Alice Pizza,1234 Market St,19107,39.9523077,-75.1613011,4.5,10,1,TRUE,TRUE,NA,TRUE,TRUE,TRUE,no,TRUE,NA,FALSE,FALSE,,NA,none,NA,NA,FALSE,NA,NA,NA,NA,NA,FALSE,19107
Cafe Michelangelo,11901 Bustleton Ave,19116,40.1214268,-75.0160069,3.5,127,1,TRUE,TRUE,2,TRUE,TRUE,TRUE,free,NA,NA,TRUE,TRUE,TRUE,NA,full_bar,TRUE,casual,NA,TRUE,NA,average,NA,NA,NA,19116
Joseph's Pizza,7947 Oxford Ave,19111,40.076064,-75.084728,2.5,75,1,TRUE,FALSE,2,TRUE,TRUE,NA,free,TRUE,FALSE,FALSE,TRUE,FALSE,FALSE,full_bar,TRUE,casual,TRUE,TRUE,NA,average,FALSE,NA,FALSE,19111
D'Angelo's Ristorante Italiano,256 S 20th St,19103,39.9487291,-75.1744313,3.5,163,1,TRUE,TRUE,3,TRUE,FALSE,NA,NA,NA,TRUE,TRUE,TRUE,TRUE,NA,full_bar,FALSE,casual,NA,TRUE,NA,average,NA,NA,FALSE,19103
Linden Italian Market,4011 Linden Ave,19114,40.054553,-75.0042264,3,21,1,NA,NA,1,TRUE,FALSE,FALSE,no,NA,NA,FALSE,TRUE,FALSE,NA,NA,TRUE,casual,NA,TRUE,NA,NA,NA,NA,FALSE,19114
Bill's Family Pizza,8200 Frankford Ave,19136,40.04325071,-75.023849,2.5,9,1,TRUE,FALSE,1,TRUE,TRUE,FALSE,no,FALSE,FALSE,FALSE,TRUE,FALSE,FALSE,none,TRUE,casual,FALSE,TRUE,NA,average,FALSE,NA,NA,19136
Spasso Italian Grill,34 S Front St,19106,39.948706,-75.142687,4,541,1,TRUE,TRUE,2,TRUE,TRUE,TRUE,free,NA,FALSE,TRUE,TRUE,TRUE,NA,full_bar,TRUE,casual,TRUE,TRUE,NA,average,NA,no,NA,19106
La Nonna,214 S St,19147,39.94117,-75.146112,4.5,160,1,FALSE,TRUE,2,TRUE,FALSE,TRUE,free,FALSE,FALSE,FALSE,TRUE,TRUE,FALSE,none,TRUE,casual,TRUE,TRUE,NA,average,FALSE,no,FALSE,19147
Pietro's Coal Oven Pizzeria,121 South St,19147,39.941209,-75.144858,4,216,1,TRUE,TRUE,2,TRUE,TRUE,TRUE,no,NA,TRUE,TRUE,TRUE,TRUE,NA,full_bar,TRUE,casual,TRUE,TRUE,NA,average,NA,NA,NA,19147
Mercato BYOB,1216 Spruce St,19107,39.9464996,-75.1617652,4,709,1,TRUE,FALSE,3,TRUE,TRUE,TRUE,no,FALSE,FALSE,TRUE,FALSE,TRUE,NA,none,FALSE,casual,TRUE,TRUE,NA,average,NA,NA,FALSE,19107
The Capital Grille,1338-46 Chestnut St,19107,39.95061347,-75.16360803,4,634,1,TRUE,FALSE,3,TRUE,TRUE,TRUE,free,TRUE,TRUE,FALSE,TRUE,TRUE,FALSE,full_bar,FALSE,dressy,TRUE,TRUE,NA,average,FALSE,no,NA,19107
Scarpetta,210 W Rittenhouse Square,19103,39.94986573,-75.17339163,4,213,1,TRUE,TRUE,3,TRUE,TRUE,FALSE,free,TRUE,FALSE,TRUE,TRUE,TRUE,FALSE,full_bar,FALSE,dressy,TRUE,TRUE,NA,loud,FALSE,no,NA,19103
LaScala's Pronto,1501 Spring Garden St,19130,39.9629157,-75.1631614,3.5,171,1,TRUE,TRUE,2,TRUE,TRUE,TRUE,no,FALSE,NA,FALSE,TRUE,FALSE,NA,none,TRUE,casual,TRUE,TRUE,NA,average,NA,NA,NA,19130
Ristorante Mamma Maria's,1637 E Passyunk Ave,19148,39.9290917,-75.1640917,3.5,97,1,TRUE,NA,2,TRUE,TRUE,NA,NA,NA,NA,TRUE,TRUE,TRUE,NA,NA,FALSE,casual,NA,TRUE,NA,loud,NA,NA,NA,19148
Not Just Pizza,2240 S 11th St,19148,39.9213449,-75.1651519,2.5,97,1,TRUE,FALSE,1,TRUE,TRUE,TRUE,no,NA,NA,FALSE,TRUE,FALSE,NA,none,TRUE,casual,FALSE,TRUE,NA,average,NA,NA,NA,19148
Lee's Market,423 N 36th St,19104,39.96230332,-75.19407749,4.5,18,1,TRUE,NA,1,TRUE,FALSE,NA,NA,NA,NA,NA,TRUE,FALSE,NA,NA,TRUE,casual,NA,TRUE,NA,NA,NA,NA,NA,19104
Local Tavern,"8000 Essington Ave, Gate F11, Terminal F",19153,39.8951784,-75.2279726,2.5,275,1,TRUE,FALSE,2,TRUE,FALSE,FALSE,free,NA,FALSE,FALSE,TRUE,FALSE,NA,full_bar,FALSE,casual,TRUE,TRUE,NA,average,NA,no,NA,19153
Gino's Pizza Cafe,7326 Frankford Ave,19136,40.03738076,-75.03969209,4.5,70,1,TRUE,FALSE,2,TRUE,TRUE,FALSE,no,TRUE,NA,FALSE,TRUE,TRUE,FALSE,full_bar,TRUE,casual,TRUE,TRUE,NA,average,FALSE,NA,NA,19136
Johnnie's Italian Specialties,2240 S 12th St,19148,39.9215499,-75.1667365,3,22,1,TRUE,NA,NA,TRUE,TRUE,NA,NA,NA,NA,NA,NA,FALSE,NA,NA,TRUE,NA,NA,TRUE,NA,NA,NA,NA,NA,19148
Koreana,3801 Chestnut St,19104,39.95561661,-75.19892653,3.5,363,1,TRUE,TRUE,2,TRUE,TRUE,FALSE,no,TRUE,NA,TRUE,TRUE,FALSE,NA,beer_and_wine,TRUE,casual,FALSE,TRUE,NA,average,NA,NA,NA,19104
Fiesta Pizza,4518 Baltimore Ave,19143,39.9486043,-75.2134574,3,71,1,TRUE,TRUE,1,TRUE,TRUE,FALSE,no,NA,NA,FALSE,TRUE,FALSE,NA,none,TRUE,casual,NA,TRUE,NA,average,NA,NA,NA,19143
CIBO Bistro Wine Bar,"8000 Essington Ave, Level 2, Terminal B",19153,39.875016,-75.243913,3,129,1,TRUE,FALSE,2,TRUE,FALSE,FALSE,free,NA,NA,FALSE,TRUE,FALSE,NA,full_bar,FALSE,casual,NA,FALSE,NA,loud,NA,NA,NA,19153
Kitchen Gia,3400 Civic Center Blvd,19104,39.94780003,-75.19326104,3,42,1,TRUE,TRUE,2,TRUE,None,FALSE,free,NA,NA,TRUE,TRUE,FALSE,NA,none,TRUE,casual,NA,TRUE,NA,very_loud,NA,NA,NA,19104
PrimoHoagies,51 Bethlehem Pike,19118,40.07821817,-75.20824224,3,30,1,TRUE,TRUE,1,TRUE,TRUE,TRUE,NA,NA,NA,FALSE,TRUE,FALSE,NA,none,TRUE,casual,NA,TRUE,NA,average,NA,NA,NA,19118
Action Pizza,7202 Ogontz Ave,19138,40.0642131,-75.1538654,2,13,1,NA,NA,NA,TRUE,TRUE,NA,NA,NA,NA,NA,NA,,NA,NA,NA,NA,NA,NA,NA,NA,NA,NA,NA,19138
Modo Mio Taverna,705 S 5th St,19147,39.940039,-75.151019,4.5,25,1,TRUE,TRUE,NA,TRUE,TRUE,TRUE,no,TRUE,TRUE,TRUE,FALSE,TRUE,NA,full_bar,NA,NA,TRUE,NA,NA,NA,NA,no,NA,19147
Ristorante Pesto,1915 S Broad St,19148,39.9263553,-75.1689367,4.5,578,1,TRUE,FALSE,2,TRUE,TRUE,TRUE,no,TRUE,FALSE,TRUE,FALSE,TRUE,FALSE,full_bar,TRUE,casual,TRUE,TRUE,NA,average,FALSE,NA,NA,19148
Café Carmela,2859 Holme Ave,19152,40.05717306,-75.03033801,4.5,103,1,TRUE,TRUE,2,TRUE,FALSE,FALSE,NA,TRUE,TRUE,TRUE,TRUE,FALSE,FALSE,none,NA,NA,TRUE,NA,NA,average,FALSE,NA,NA,19152
Monster Vegan,1229 Spruce St,19107,39.94676119,-75.16224021,4.5,64,1,NA,NA,2,TRUE,TRUE,NA,NA,NA,NA,TRUE,NA,,NA,NA,NA,NA,NA,NA,NA,NA,NA,NA,NA,19107
Club Adesso,"1519 Walnut St, Fl 2",19102,39.9498741,-75.1668733,2.5,12,1,TRUE,NA,3,FALSE,FALSE,FALSE,NA,NA,NA,FALSE,NA,TRUE,NA,full_bar,FALSE,dressy,NA,TRUE,NA,NA,NA,NA,NA,19102
Mixto,1141 Pine St,19107,39.945195,-75.161082,4,1246,1,TRUE,FALSE,2,TRUE,TRUE,TRUE,free,TRUE,TRUE,TRUE,TRUE,TRUE,FALSE,full_bar,FALSE,casual,TRUE,TRUE,NA,average,FALSE,NA,NA,19107
Cry Baby Pasta,627 S 3rd St,19147,39.94061272,-75.14757201,3.5,198,1,TRUE,NA,2,TRUE,TRUE,FALSE,free,FALSE,FALSE,TRUE,FALSE,TRUE,FALSE,full_bar,TRUE,casual,TRUE,TRUE,NA,NA,FALSE,no,NA,19147
Bravo Pizza II,1323 Lindley Ave,19141,40.0304136,-75.1456061,2,13,1,TRUE,NA,1,TRUE,TRUE,NA,NA,NA,NA,FALSE,NA,,NA,NA,TRUE,casual,NA,FALSE,NA,average,NA,NA,NA,19141
Saloon Restaurant,750 S 7th St,19147,39.9398664,-75.1545609,4.5,190,1,TRUE,TRUE,3,TRUE,TRUE,FALSE,free,NA,FALSE,TRUE,FALSE,TRUE,FALSE,full_bar,FALSE,casual,TRUE,TRUE,NA,average,FALSE,NA,NA,19147
Messina Club,1533 S 10th St,19147,39.9297638,-75.1614432,4.5,14,1,FALSE,NA,NA,TRUE,TRUE,NA,NA,NA,NA,NA,TRUE,,NA,NA,TRUE,NA,NA,NA,NA,NA,NA,NA,NA,19147
Cappys Cafe,6901 Frankford Ave,19135,40.0328076,-75.0482692,4,20,1,FALSE,FALSE,2,TRUE,TRUE,NA,NA,NA,TRUE,FALSE,TRUE,FALSE,NA,full_bar,FALSE,casual,NA,TRUE,NA,average,NA,NA,NA,19135
Mister P’s Pizza & Pasta,7138 Ridge Ave,19128,40.044187,-75.231975,3.5,58,1,TRUE,FALSE,1,TRUE,TRUE,FALSE,no,NA,NA,FALSE,TRUE,TRUE,NA,none,TRUE,casual,NA,TRUE,NA,average,NA,NA,NA,19128
Pizza Hut,4501 Castor Ave,19124,40.017104,-75.096448,1.5,14,1,TRUE,NA,1,TRUE,TRUE,FALSE,NA,NA,NA,FALSE,TRUE,,NA,none,FALSE,casual,NA,NA,NA,average,NA,NA,NA,19124
LaScala's Birra,1700 E Passyunk Ave,19148,39.92867391,-75.16509328,4,383,1,TRUE,TRUE,2,TRUE,TRUE,FALSE,no,TRUE,TRUE,TRUE,TRUE,TRUE,NA,full_bar,TRUE,casual,TRUE,TRUE,NA,average,NA,no,NA,19148
LaScala's Fire,615 Chestnut St,19106,39.9496281,-75.1518931,3.5,43,1,NA,NA,2,TRUE,TRUE,NA,NA,NA,NA,TRUE,TRUE,,NA,NA,NA,NA,NA,NA,NA,NA,NA,NA,NA,19106
Slice,431 E Girard Ave,19125,39.97071267,-75.12970716,3.5,90,1,FALSE,FALSE,2,TRUE,TRUE,TRUE,free,FALSE,NA,TRUE,FALSE,FALSE,FALSE,none,TRUE,casual,TRUE,TRUE,NA,NA,FALSE,NA,NA,19125
Brazilian Pizza Philly,7518 Castor Ave,19152,40.0550057,-75.0630083,4,5,1,TRUE,FALSE,NA,TRUE,TRUE,TRUE,free,TRUE,NA,FALSE,TRUE,TRUE,NA,none,NA,NA,TRUE,TRUE,NA,NA,NA,NA,FALSE,19152
New Style Pizzeria,4060 Chestnut St,19104,39.9557374,-75.204671,3.5,65,1,TRUE,TRUE,1,TRUE,TRUE,TRUE,free,TRUE,NA,FALSE,TRUE,FALSE,TRUE,none,TRUE,casual,FALSE,TRUE,NA,average,NA,NA,NA,19104
Baby Boss Pizza and Grill,4625 Princeton Ave,19135,40.0287705,-75.0391079,3,17,1,NA,NA,NA,TRUE,TRUE,NA,NA,NA,NA,NA,NA,,NA,NA,NA,NA,NA,NA,NA,NA,NA,NA,NA,19135
Wm Mulherin's Sons,1355 N Front St,19122,39.971709,-75.135062,4.5,610,1,TRUE,TRUE,3,TRUE,TRUE,FALSE,free,TRUE,FALSE,TRUE,FALSE,TRUE,FALSE,full_bar,FALSE,casual,TRUE,TRUE,NA,average,FALSE,no,NA,19122
Giuseppe & Sons,1523 Sansom St,19102,39.9504997,-75.166696,4,248,1,TRUE,NA,2,TRUE,TRUE,TRUE,free,TRUE,FALSE,FALSE,FALSE,TRUE,FALSE,full_bar,NA,NA,TRUE,TRUE,NA,average,NA,NA,NA,19102
Restaurant Ambra,705 S 4th St,19147,39.9403236,-75.1492998,5,61,1,TRUE,NA,4,TRUE,TRUE,FALSE,no,NA,TRUE,FALSE,TRUE,TRUE,NA,full_bar,FALSE,dressy,TRUE,FALSE,NA,quiet,NA,NA,NA,19147
Luigi’s Pizza Fresca,2401 Fairmount Ave,19130,39.9675505,-75.1771216,4,249,1,TRUE,TRUE,1,TRUE,TRUE,TRUE,no,NA,NA,TRUE,TRUE,FALSE,NA,none,TRUE,casual,NA,TRUE,NA,average,NA,NA,NA,19130
PrimoHoagies,6024 Ridge Ave,19128,40.03248279,-75.21443032,3,55,1,TRUE,TRUE,2,TRUE,TRUE,TRUE,no,NA,NA,FALSE,TRUE,FALSE,NA,none,TRUE,casual,NA,FALSE,NA,average,NA,NA,NA,19128
Bar One,767 S 9th St,19147,39.93982457,-75.15744656,4,65,0,TRUE,TRUE,2,TRUE,TRUE,FALSE,free,,TRUE,FALSE,TRUE,FALSE,,full_bar,FALSE,casual,TRUE,TRUE,NA,average,NA,no,NA,19147
24,2401 Walnut St,19103,39.9515211,-75.1798731,3.5,111,0,TRUE,TRUE,2,TRUE,TRUE,TRUE,free,TRUE,TRUE,TRUE,TRUE,TRUE,FALSE,full_bar,TRUE,casual,TRUE,TRUE,NA,loud,FALSE,no,NA,19103
Germantown Pizza,1517 N 4th St,19122,39.9742039,-75.1420764,3,20,0,TRUE,TRUE,1,TRUE,TRUE,,no,TRUE,NA,TRUE,NA,FALSE,,none,TRUE,casual,NA,TRUE,NA,average,NA,NA,NA,19122
Pizza Hut,"2715 S Front St, Ste 9",19148,39.9130548,-75.149704,1.5,25,0,TRUE,FALSE,1,TRUE,TRUE,TRUE,NA,,NA,FALSE,FALSE,FALSE,,none,FALSE,casual,NA,FALSE,NA,NA,NA,NA,NA,19148
Divino Wine Bar,267 S 19th St,19103,39.9482333,-75.1726372,3.5,10,0,TRUE,NA,2,TRUE,FALSE,,NA,,TRUE,TRUE,NA,TRUE,,full_bar,FALSE,casual,NA,TRUE,NA,NA,NA,NA,NA,19103
Capofitto,233 Chestnut St,19106,39.94857751,-75.14502257,4.5,205,0,TRUE,TRUE,2,TRUE,TRUE,TRUE,free,TRUE,TRUE,FALSE,FALSE,TRUE,FALSE,full_bar,TRUE,casual,TRUE,TRUE,NA,average,FALSE,no,NA,19106
Rocchino's,239 Chestnut St,19106,39.948818,-75.1456539,3,20,0,TRUE,NA,3,TRUE,FALSE,,no,,TRUE,TRUE,TRUE,TRUE,,full_bar,TRUE,casual,NA,TRUE,NA,average,NA,NA,NA,19106
Barra Restaurant,239 Chestnut St,19106,39.948818,-75.1456539,2.5,117,0,TRUE,TRUE,2,TRUE,TRUE,TRUE,free,,TRUE,TRUE,TRUE,TRUE,,full_bar,FALSE,casual,NA,TRUE,NA,average,NA,NA,NA,19106
In Riva,4116 Ridge Ave,19129,40.0078746,-75.1924072,4,729,0,TRUE,TRUE,2,TRUE,TRUE,FALSE,free,,TRUE,TRUE,TRUE,TRUE,TRUE,full_bar,TRUE,casual,TRUE,TRUE,NA,average,NA,NA,NA,19129
Fratelly Pizza & Restaurant,2383 Cottman Ave,19149,40.04787861,-75.05933095,2,20,0,TRUE,NA,1,TRUE,TRUE,,no,,NA,,TRUE,FALSE,,none,TRUE,casual,NA,TRUE,NA,NA,NA,NA,NA,19149
Venuto's Old World Pizza,6024 Ridge Ave,19128,40.0322069,-75.2142546,3,5,0,TRUE,NA,1,TRUE,TRUE,,NA,,NA,FALSE,NA,FALSE,,none,TRUE,casual,NA,TRUE,NA,NA,NA,NA,NA,19128
Ava Restaurant,518 S Third St,19147,39.9420412,-75.147714,3.5,9,0,TRUE,NA,2,TRUE,FALSE,,NA,,NA,TRUE,NA,TRUE,,none,TRUE,casual,NA,TRUE,NA,NA,NA,NA,FALSE,19147
Walnut Street Pizza,200 S Broad St,19102,39.9491834,-75.1647772,2.5,6,0,TRUE,TRUE,1,TRUE,FALSE,TRUE,free,TRUE,NA,FALSE,FALSE,FALSE,,none,TRUE,casual,FALSE,FALSE,NA,loud,FALSE,NA,NA,19102
Amici's Deli,2355 S Woodstock St,19145,39.92198904,-75.18054239,3,9,0,TRUE,NA,1,,TRUE,,NA,,NA,,NA,FALSE,,NA,TRUE,casual,NA,NA,NA,NA,NA,NA,NA,19145
Il Tartufo,4341 Main St,19127,40.0255207,-75.2232588,3,85,0,TRUE,TRUE,3,TRUE,FALSE,FALSE,free,,NA,TRUE,FALSE,TRUE,,full_bar,FALSE,casual,NA,TRUE,NA,quiet,NA,NA,NA,19127
LaScala's,615 Chestnut St,19106,39.949529,-75.152139,3.5,367,0,TRUE,TRUE,2,TRUE,FALSE,TRUE,free,TRUE,TRUE,TRUE,TRUE,TRUE,FALSE,full_bar,TRUE,casual,TRUE,TRUE,NA,average,FALSE,NA,FALSE,19106
Stella Sera,8630 Germantown Ave,19118,40.0770647,-75.2087089,4,48,0,TRUE,FALSE,2,,FALSE,,no,,NA,FALSE,FALSE,TRUE,,none,FALSE,casual,NA,TRUE,NA,average,NA,NA,NA,19118
Casselli's Ristorante,7620 Ridge Ave,19128,40.1414879,-74.9846616,3.5,39,0,FALSE,TRUE,2,FALSE,FALSE,TRUE,no,,NA,FALSE,FALSE,TRUE,,full_bar,TRUE,casual,NA,TRUE,NA,average,NA,NA,NA,19128
Eatalia,2723 E Cumberland St,19125,39.97495147,-75.11845317,4,166,0,FALSE,TRUE,2,TRUE,FALSE,FALSE,no,,NA,TRUE,FALSE,TRUE,,none,TRUE,casual,NA,TRUE,NA,quiet,NA,NA,NA,19125
"A Tutti, Ristorante Italiano",5154 Ridge Ave,19128,40.018238,-75.2115092,4.5,78,0,TRUE,NA,2,TRUE,TRUE,TRUE,free,,NA,FALSE,TRUE,TRUE,,none,TRUE,NA,TRUE,TRUE,NA,NA,NA,NA,NA,19128
Lucatelli's,1709 Chestnut St,19103,39.951761,-75.16913,5,8,0,NA,NA,NA,None,None,,NA,,NA,TRUE,NA,,,NA,NA,NA,NA,NA,NA,NA,NA,NA,NA,19103
Pizza Hut,3451 Aramingo Ave,19134,39.9914699,-75.09973342,3,10,0,TRUE,NA,1,TRUE,FALSE,FALSE,NA,,NA,FALSE,TRUE,FALSE,,none,TRUE,casual,NA,TRUE,NA,quiet,NA,NA,NA,19134
London Grill,2301 Fairmount Ave,19130,39.9675638,-75.1754915,3,350,0,TRUE,TRUE,2,TRUE,TRUE,FALSE,free,,TRUE,TRUE,TRUE,TRUE,,full_bar,TRUE,casual,NA,TRUE,NA,average,NA,NA,FALSE,19130
Toscanini Grill and Pizza,2200 E Lehigh Ave,19125,39.9839188,-75.1198871,3,9,0,TRUE,NA,NA,TRUE,TRUE,,NA,,NA,,NA,FALSE,,NA,NA,NA,NA,NA,NA,NA,NA,NA,NA,19125
Bocconcini,1334 Pine St,19107,39.9453439,-75.1642327,4.5,163,0,TRUE,FALSE,2,TRUE,TRUE,TRUE,free,TRUE,FALSE,TRUE,TRUE,TRUE,TRUE,none,TRUE,casual,TRUE,TRUE,NA,very_loud,FALSE,NA,FALSE,19107
Tre Scalini Ristorante,1915 E Passyunk Ave,19148,39.9262103,-75.1675231,3.5,159,0,TRUE,TRUE,3,TRUE,FALSE,,no,,NA,TRUE,TRUE,TRUE,,none,FALSE,casual,NA,TRUE,NA,average,NA,NA,NA,19148
Giorgio Pizza on Pine,1334 Pine St,19107,39.9453439,-75.1642327,2.5,19,0,TRUE,FALSE,2,TRUE,TRUE,,NA,,NA,FALSE,TRUE,TRUE,,NA,TRUE,casual,NA,TRUE,NA,NA,NA,NA,NA,19107
Pizza Hut,9850 Bustleton Ave,19115,40.093788,-75.03178306,1.5,18,0,TRUE,NA,1,TRUE,TRUE,TRUE,NA,,NA,FALSE,TRUE,FALSE,,none,FALSE,casual,NA,TRUE,NA,average,NA,NA,NA,19115
Domino's Pizza,3400 Aramingo Ave,19134,39.992732,-75.100242,1.5,45,0,TRUE,NA,1,TRUE,TRUE,FALSE,no,,NA,FALSE,TRUE,FALSE,,none,TRUE,casual,FALSE,TRUE,NA,quiet,NA,NA,NA,19134
Core De Roma,214 South St,19147,39.94106674,-75.14623261,4,76,0,TRUE,NA,2,TRUE,TRUE,TRUE,NA,,NA,FALSE,FALSE,TRUE,,full_bar,FALSE,casual,NA,TRUE,NA,average,NA,NA,NA,19147
Fiorella's Sausage,817 Christian St,19147,39.938873,-75.156937,5,27,0,TRUE,TRUE,1,FALSE,,FALSE,NA,,NA,,NA,,,NA,NA,NA,NA,NA,NA,NA,FALSE,NA,NA,19147
Cinder Copper & Lace,1500 Locust St,19102,39.94825288,-75.16662542,3.5,157,0,TRUE,TRUE,2,TRUE,FALSE,FALSE,free,TRUE,TRUE,TRUE,TRUE,TRUE,FALSE,full_bar,FALSE,casual,TRUE,TRUE,NA,average,FALSE,no,NA,19102
Italian Bistro,2500 Welsh Rd,19152,40.0731939,-75.0352627,2,15,0,TRUE,NA,2,TRUE,FALSE,FALSE,no,,NA,FALSE,FALSE,TRUE,,full_bar,TRUE,casual,NA,TRUE,NA,quiet,NA,NA,NA,19152
Pizza Hut,2310 Passyunk Ave,19145,39.9225254,-75.1856193,1.5,22,0,TRUE,TRUE,1,TRUE,TRUE,TRUE,free,,NA,FALSE,TRUE,FALSE,,NA,TRUE,casual,NA,TRUE,NA,quiet,NA,NA,NA,19145
Barone's How U Doin' Deli & Grocery,1515 W Porter St,19145,39.9198589,-75.1730406,5,11,0,TRUE,NA,2,TRUE,TRUE,TRUE,no,,NA,FALSE,FALSE,FALSE,,none,FALSE,casual,NA,TRUE,NA,quiet,NA,NA,NA,19145
Abbraccio,820 S 47th St,19143,39.9483438,-75.2167974,2.5,14,0,TRUE,NA,2,TRUE,FALSE,,NA,,TRUE,TRUE,NA,TRUE,,full_bar,TRUE,casual,NA,TRUE,NA,NA,NA,NA,NA,19143
Square Pie,600 Catherine St,19147,39.93922381,-75.15298542,4.5,46,0,TRUE,TRUE,2,TRUE,FALSE,,NA,,NA,FALSE,FALSE,FALSE,,none,TRUE,casual,TRUE,FALSE,NA,average,NA,NA,NA,19147
Village Belle,757 S Front St,19147,39.938329,-75.144405,4,68,0,TRUE,NA,3,TRUE,FALSE,TRUE,no,,TRUE,TRUE,TRUE,TRUE,,full_bar,TRUE,casual,NA,TRUE,NA,average,NA,NA,NA,19147
Tietra,1425 Locust St,19102,39.948595,-75.165898,3.5,32,0,TRUE,NA,2,TRUE,,,NA,,TRUE,TRUE,TRUE,TRUE,,full_bar,FALSE,casual,NA,TRUE,NA,average,NA,NA,NA,19102
Mangiamo 444,444 N 4th St,19123,39.9588922,-75.1458732,3.5,51,0,TRUE,TRUE,2,TRUE,TRUE,TRUE,no,TRUE,FALSE,FALSE,FALSE,TRUE,FALSE,beer_and_wine,TRUE,casual,TRUE,TRUE,NA,average,NA,NA,NA,19123
Roberto Cafe,2108 South St,19146,39.9450538,-75.1773626,3.5,106,0,TRUE,TRUE,2,TRUE,FALSE,TRUE,no,,NA,TRUE,FALSE,TRUE,,none,FALSE,casual,NA,TRUE,NA,average,NA,NA,NA,19146
Girasole Ristorante,1410 Pine St,19102,39.9456328,-75.1658061,3,75,0,TRUE,TRUE,2,TRUE,FALSE,TRUE,no,,NA,TRUE,FALSE,TRUE,,full_bar,FALSE,casual,NA,TRUE,NA,average,NA,NA,NA,19102
WineO,447 Poplar St,19123,39.9665,-75.145408,3,80,0,TRUE,NA,2,TRUE,FALSE,,NA,,NA,FALSE,TRUE,TRUE,,full_bar,FALSE,casual,NA,TRUE,NA,average,NA,NA,NA,19123
Portofino,1227 Walnut St,19107,39.94915764,-75.16180738,3,29,0,TRUE,NA,2,TRUE,FALSE,,no,,NA,TRUE,TRUE,TRUE,,full_bar,TRUE,dressy,NA,TRUE,NA,quiet,NA,NA,NA,19107
Via Napoli,2500 Welsh Rd,19152,40.0731939,-75.0352627,3.5,75,0,TRUE,TRUE,2,TRUE,FALSE,TRUE,free,,NA,FALSE,TRUE,TRUE,,full_bar,TRUE,casual,NA,TRUE,NA,average,NA,NA,NA,19152
Predella,932 S 10th St,19147,39.9383034,-75.1597956,4.5,10,0,FALSE,NA,2,TRUE,FALSE,TRUE,free,,NA,TRUE,FALSE,TRUE,,none,TRUE,casual,NA,TRUE,NA,quiet,FALSE,NA,NA,19147
Marabella Meatball Co.,1211 Walnut St,19107,39.948967,-75.1611418,3.5,132,0,TRUE,TRUE,1,TRUE,TRUE,TRUE,free,,TRUE,TRUE,FALSE,TRUE,,none,TRUE,casual,NA,TRUE,NA,average,NA,NA,NA,19107
La Bella Dolce Italia,628 S St,19147,39.9419585,-75.153177,4.5,41,0,TRUE,FALSE,1,TRUE,TRUE,FALSE,free,TRUE,FALSE,FALSE,TRUE,TRUE,FALSE,none,TRUE,casual,TRUE,TRUE,NA,average,NA,NA,NA,19147
Urban Enoteca,"135 S 17th St, Latham Hotel Philadelphia",19103,39.9501753,-75.1690403,3,34,0,TRUE,TRUE,2,TRUE,,,NA,,TRUE,FALSE,TRUE,TRUE,,NA,FALSE,casual,NA,TRUE,NA,average,NA,NA,NA,19103
Super Fratelli's Pizza,10849 Bustleton Ave,19116,40.110289,-75.024127,3.5,34,0,TRUE,NA,1,None,None,,NA,,NA,FALSE,TRUE,TRUE,,none,TRUE,casual,FALSE,TRUE,NA,average,NA,NA,NA,19116
M Restaurant,231 S 8th St,19106,39.94732573,-75.1543114,3.5,165,0,TRUE,TRUE,3,FALSE,FALSE,TRUE,free,TRUE,TRUE,TRUE,TRUE,TRUE,TRUE,full_bar,FALSE,casual,TRUE,TRUE,NA,quiet,FALSE,outdoor,NA,19106
Pat's Pizza Express,2311 Cottman Ave,19149,40.04843329,-75.05842276,3,12,0,TRUE,TRUE,NA,TRUE,TRUE,TRUE,free,TRUE,NA,FALSE,TRUE,FALSE,FALSE,none,NA,NA,FALSE,NA,NA,NA,FALSE,NA,NA,19149
Tony Lukes Casa De Pasta,26 East Oregon Ave,19148,39.9136284,-75.1488145,4.5,7,0,TRUE,TRUE,2,TRUE,FALSE,,no,,NA,FALSE,TRUE,,,full_bar,TRUE,casual,TRUE,TRUE,NA,NA,NA,NA,NA,19148
Nomad Roman Pizza,1305 Locust St,19107,39.94801752,-75.16268826,4,286,0,TRUE,TRUE,2,TRUE,TRUE,FALSE,no,,TRUE,FALSE,TRUE,TRUE,,full_bar,TRUE,casual,TRUE,TRUE,NA,average,NA,NA,NA,19107
Ristorante La Buca,711 Locust St,19106,39.947079,-75.154165,3.5,113,0,TRUE,TRUE,3,TRUE,TRUE,FALSE,free,TRUE,TRUE,FALSE,TRUE,TRUE,FALSE,full_bar,FALSE,dressy,TRUE,TRUE,NA,quiet,FALSE,no,NA,19106
Germantown Style Pizza,324 W Chelten Ave,19144,40.0299678,-75.1807177,3,7,0,TRUE,NA,1,TRUE,TRUE,,NA,,NA,,NA,FALSE,,NA,TRUE,NA,NA,NA,NA,NA,NA,NA,NA,19144
Robert Chiarella's Gourmet Pizzeria,1627 Ritner St,19145,39.9212897,-75.1747508,3.5,12,0,NA,NA,2,FALSE,TRUE,,no,,NA,FALSE,NA,,,none,TRUE,casual,NA,NA,NA,NA,NA,NA,NA,19145
Mari BYO,795 S 3rd St,19147,39.93800557,-75.14813058,4.5,29,0,NA,NA,NA,TRUE,,,NA,,NA,TRUE,NA,,,NA,NA,NA,NA,NA,NA,NA,NA,NA,NA,19147
Romano's Meatball,3136 Richmond St,19134,39.98248978,-75.10271333,4,13,0,TRUE,NA,NA,,TRUE,,NA,,NA,,FALSE,FALSE,,none,NA,NA,NA,NA,NA,average,NA,NA,NA,19134
Mama Yolanda's Italian Restaurant,746 S 8th St,19147,39.9402619,-75.1561121,2,8,0,NA,NA,2,TRUE,FALSE,,NA,,NA,FALSE,NA,TRUE,,full_bar,TRUE,NA,NA,TRUE,NA,NA,NA,NA,NA,19147
Bianca Pizza & Trattoria,514 South St,19147,39.941646,-75.151419,2.5,10,0,TRUE,FALSE,1,TRUE,TRUE,TRUE,free,,NA,TRUE,TRUE,FALSE,,none,TRUE,casual,NA,TRUE,NA,quiet,NA,NA,NA,19147
Pizzacato,248 Market St,19106,39.95028,-75.145481,3,129,0,TRUE,TRUE,2,TRUE,FALSE,,no,,NA,TRUE,FALSE,TRUE,,full_bar,TRUE,casual,NA,TRUE,NA,average,NA,NA,NA,19106
Gianfranco Pizza Rustica,6 N 3rd St,19106,39.9504169,-75.1456794,4,247,0,TRUE,TRUE,1,TRUE,TRUE,FALSE,no,,NA,FALSE,TRUE,FALSE,,none,TRUE,casual,NA,FALSE,NA,average,FALSE,NA,FALSE,19106
Il Polpo,9825 Bustleton Ave,19115,40.09028176,-75.03267825,3.5,10,0,TRUE,NA,3,TRUE,FALSE,FALSE,free,,NA,FALSE,TRUE,TRUE,,none,FALSE,casual,NA,TRUE,NA,loud,NA,NA,NA,19115
Ernesto's 1521 Cafe,1521 Spruce St,19102,39.9476346,-75.1672947,4,12,0,TRUE,NA,2,FALSE,FALSE,,NA,FALSE,NA,TRUE,FALSE,TRUE,,NA,FALSE,casual,TRUE,TRUE,NA,NA,NA,NA,NA,19102
Zavino,112 S 13th St,19107,39.9499542,-75.1621423,4,843,0,TRUE,TRUE,2,TRUE,None,FALSE,free,,NA,TRUE,TRUE,FALSE,FALSE,full_bar,FALSE,casual,NA,TRUE,NA,average,NA,NA,NA,19107
DeMarco's Italian Specialties,1338 Jackson St,19148,39.9228564,-75.1692901,3.5,15,0,TRUE,NA,1,TRUE,TRUE,TRUE,no,,NA,FALSE,TRUE,FALSE,,none,TRUE,casual,NA,TRUE,NA,average,NA,NA,NA,19148
Diane & Tom's Cafe,40 W Maplewood Mall,19144,40.0341212,-75.1748979,4.5,12,0,TRUE,NA,2,TRUE,FALSE,,NA,,NA,FALSE,FALSE,TRUE,,NA,TRUE,casual,NA,FALSE,NA,NA,NA,NA,NA,19144
Spitalieri's Italiano Ristorante,613 E Passyunk Ave,19147,39.9413743,-75.1503191,4,8,0,FALSE,FALSE,NA,TRUE,TRUE,,NA,TRUE,NA,,NA,TRUE,,NA,NA,casual,TRUE,TRUE,NA,NA,NA,NA,NA,19147
Cafe Giardino,1732 W Passyunk Ave,19145,39.9244035,-75.1755284,5,6,0,FALSE,NA,1,TRUE,TRUE,,free,,NA,TRUE,NA,TRUE,,none,FALSE,casual,NA,TRUE,NA,NA,NA,NA,NA,19145
Modo Mio,161 W Girard Ave,19123,39.9695788,-75.1383832,4,492,0,FALSE,TRUE,3,FALSE,FALSE,FALSE,no,,NA,FALSE,FALSE,TRUE,,none,FALSE,casual,NA,TRUE,NA,average,NA,NA,NA,19123
Croce's Pizza,7400 Lawndale Ave,19111,40.061937,-75.08,4,5,0,TRUE,NA,2,TRUE,TRUE,,no,,NA,TRUE,TRUE,FALSE,,none,TRUE,casual,NA,FALSE,NA,quiet,NA,NA,NA,19111
Monsú,901 Christian St,19147,39.9391381,-75.1579072,4,309,0,FALSE,TRUE,3,FALSE,FALSE,FALSE,no,,NA,TRUE,TRUE,TRUE,,none,FALSE,casual,NA,TRUE,NA,average,NA,NA,NA,19147
Russet,1521 Spruce St,19102,39.9475385,-75.1673293,3.5,269,0,TRUE,TRUE,3,FALSE,FALSE,FALSE,no,,FALSE,TRUE,FALSE,TRUE,,none,FALSE,casual,NA,TRUE,NA,average,FALSE,NA,NA,19102
Pizza Hut,901 W Girard Ave,19122,39.971405,-75.151021,3,7,0,TRUE,FALSE,1,TRUE,TRUE,,NA,,NA,FALSE,TRUE,FALSE,,none,TRUE,casual,FALSE,FALSE,NA,quiet,NA,NA,NA,19122
Adriano's Cucina Italiana,13023 Bustleton Ave,19116,40.1240923,-75.0146487,3,28,0,TRUE,FALSE,2,TRUE,FALSE,,no,,NA,TRUE,TRUE,TRUE,,full_bar,TRUE,casual,NA,TRUE,NA,quiet,NA,NA,NA,19116
Table 31,"Comcast Center, 1701 JFK Blvd",19103,39.95409597,-75.16811371,2.5,127,0,TRUE,NA,3,TRUE,FALSE,TRUE,no,,TRUE,TRUE,TRUE,TRUE,,full_bar,FALSE,dressy,NA,TRUE,NA,average,NA,NA,NA,19103
Panini's Trattoria,317 Market St,19106,39.950533,-75.146257,3.5,100,0,TRUE,TRUE,2,TRUE,TRUE,FALSE,no,,NA,TRUE,FALSE,TRUE,,none,TRUE,casual,NA,TRUE,NA,quiet,NA,NA,NA,19106
Paradiso,1627 E Passyunk Ave,19148,39.9292709,-75.1639093,3.5,117,0,TRUE,TRUE,3,TRUE,FALSE,TRUE,free,,NA,TRUE,TRUE,TRUE,,full_bar,FALSE,casual,NA,TRUE,NA,average,NA,NA,NA,19148
Salento,2216 Walnut St,19103,39.95083618,-75.17829895,3.5,113,0,TRUE,NA,2,FALSE,FALSE,FALSE,no,,NA,FALSE,FALSE,TRUE,,none,TRUE,casual,NA,TRUE,NA,average,NA,NA,NA,19103
Varalli,231 S Broad St,19107,39.9483091,-75.1642073,3.5,91,0,TRUE,TRUE,3,TRUE,FALSE,FALSE,no,,NA,FALSE,FALSE,TRUE,,full_bar,FALSE,casual,NA,TRUE,NA,average,NA,NA,FALSE,19107
Pizza Hut,2900 Broad St,19132,39.996512,-75.15509241,2,9,0,TRUE,NA,1,TRUE,TRUE,,NA,,NA,FALSE,NA,FALSE,,NA,NA,NA,NA,FALSE,NA,NA,NA,NA,NA,19132
Popolino Roman Trattoria,501 Fairmount Ave,19123,39.96338056,-75.14680088,4,62,0,FALSE,NA,3,FALSE,FALSE,FALSE,no,,NA,TRUE,FALSE,TRUE,,none,TRUE,casual,NA,TRUE,NA,average,NA,NA,NA,19123
Pizza Hut,2530 Aramingo Ave,19125,39.97812928,-75.1195161,2,15,0,TRUE,NA,1,TRUE,TRUE,FALSE,no,,NA,FALSE,NA,FALSE,,none,TRUE,NA,NA,TRUE,NA,NA,NA,NA,NA,19125
Joe Pesce,1113 Walnut St,19107,39.9488649,-75.1597413,2,26,0,TRUE,NA,3,FALSE,FALSE,,NA,,TRUE,TRUE,NA,TRUE,,full_bar,FALSE,casual,NA,TRUE,NA,NA,NA,NA,NA,19107
Rembrandt's Restaurant & Pub,741 N 23rd St,19130,39.9685508,-75.1748743,3.5,229,0,TRUE,TRUE,2,TRUE,TRUE,FALSE,no,,NA,TRUE,TRUE,TRUE,,full_bar,TRUE,casual,NA,TRUE,NA,average,NA,NA,NA,19130
Walnut Street Supper Club,1227 Walnut St,19107,39.9492649,-75.1617799,3.5,94,0,TRUE,NA,2,TRUE,FALSE,FALSE,no,,TRUE,TRUE,TRUE,TRUE,,full_bar,FALSE,dressy,NA,TRUE,NA,loud,NA,NA,NA,19107
Travinia,"1000 Frankford Ave, Ste 103",19125,39.9647703,-75.1344573,3,22,0,FALSE,FALSE,2,FALSE,FALSE,FALSE,no,FALSE,FALSE,FALSE,FALSE,FALSE,FALSE,none,TRUE,casual,FALSE,TRUE,NA,quiet,FALSE,no,NA,19125
Matt & Marie's,118 S18th St,19103,39.951157,-75.170714,4,44,0,TRUE,TRUE,1,TRUE,TRUE,TRUE,free,FALSE,NA,TRUE,FALSE,FALSE,,none,TRUE,casual,FALSE,TRUE,NA,quiet,NA,NA,NA,19103
Fratelli's Italian Bistro,1339 Chestnut St,19107,39.9509564,-75.1631382,3,172,0,TRUE,TRUE,2,TRUE,TRUE,TRUE,free,,TRUE,TRUE,TRUE,TRUE,,full_bar,TRUE,casual,NA,TRUE,NA,average,NA,NA,NA,19107
City Tavern Restaurant,138 S 2nd St,19106,39.94714276,-75.14450956,4,841,0,TRUE,TRUE,2,None,None,FALSE,no,,FALSE,TRUE,FALSE,TRUE,FALSE,full_bar,TRUE,casual,NA,TRUE,NA,average,FALSE,no,NA,19106
Gia Pronto,3736 Spruce St,19104,39.9510843,-75.19876244,3.5,60,0,TRUE,NA,2,TRUE,FALSE,TRUE,no,,NA,TRUE,FALSE,FALSE,,none,TRUE,casual,NA,FALSE,NA,average,NA,NA,NA,19104
Olive on 3rd,516 S 3rd St,19147,39.9420166,-75.1475905,3,39,0,TRUE,NA,2,TRUE,FALSE,TRUE,no,,NA,TRUE,FALSE,TRUE,,none,TRUE,casual,TRUE,TRUE,NA,average,NA,NA,NA,19147
Fat Daddy's Pizza,125 Leverington Ave,19127,40.0296963,-75.2286022,3,37,0,TRUE,TRUE,1,TRUE,TRUE,,NA,,NA,FALSE,FALSE,FALSE,,none,TRUE,casual,NA,FALSE,NA,average,NA,NA,NA,19127
Karina's,617 S 3rd St,19147,39.940886,-75.1474379,4,16,0,TRUE,TRUE,2,TRUE,FALSE,,free,TRUE,NA,TRUE,FALSE,TRUE,,none,TRUE,casual,TRUE,TRUE,NA,quiet,NA,NA,NA,19147
Serafina Philadelphia,130 S 18th St,19103,39.95084902,-75.17064992,2.5,292,0,TRUE,FALSE,2,TRUE,TRUE,FALSE,no,,NA,TRUE,TRUE,TRUE,,full_bar,TRUE,casual,NA,TRUE,NA,average,NA,NA,NA,19103
Antney's Grub,2655 S Juniper St,19148,39.9168348,-75.17010285,3.5,19,0,TRUE,FALSE,1,TRUE,TRUE,,NA,,NA,TRUE,TRUE,FALSE,,none,TRUE,casual,FALSE,TRUE,NA,quiet,NA,NA,NA,19148
Gennaro's Tomato Pie,1429 Jackson St,19145,39.923454,-75.171167,4.5,84,0,FALSE,TRUE,2,TRUE,FALSE,FALSE,no,,NA,FALSE,FALSE,FALSE,,none,TRUE,casual,NA,TRUE,NA,average,NA,NA,NA,19145
Bella Cena,1506 Spruce St,19102,39.9470996,-75.1667854,2.5,48,0,TRUE,NA,2,,FALSE,,NA,,NA,TRUE,FALSE,TRUE,,full_bar,TRUE,casual,NA,TRUE,NA,quiet,NA,NA,NA,19102
Carluccio's,932 S 10th St,19147,39.9383069,-75.1597957,4,9,0,TRUE,NA,2,TRUE,FALSE,,NA,,NA,FALSE,NA,TRUE,,none,TRUE,casual,NA,TRUE,NA,average,NA,NA,NA,19147
Farmicia,15 S 3rd St,19146,39.9496993,-75.1457815,4,1094,0,TRUE,TRUE,2,TRUE,TRUE,FALSE,no,,TRUE,TRUE,TRUE,TRUE,FALSE,full_bar,TRUE,casual,NA,TRUE,NA,average,NA,NA,FALSE,19146
Olive Garden Italian Restaurant,1346 Chestnut St,19107,39.9507424,-75.1635776,2.5,88,0,TRUE,FALSE,2,TRUE,FALSE,TRUE,no,,NA,FALSE,TRUE,TRUE,,full_bar,TRUE,casual,NA,TRUE,NA,quiet,NA,NA,NA,19107
The Palm Philadelphia,200 S Broad St,19102,39.9490779,-75.1648579,3.5,205,0,TRUE,TRUE,3,TRUE,FALSE,TRUE,free,TRUE,TRUE,FALSE,TRUE,TRUE,FALSE,full_bar,FALSE,dressy,TRUE,TRUE,NA,average,FALSE,NA,FALSE,19102
Capogiro Gelato,1625 E Passyunk Ave,19148,39.929346,-75.1638674,4,95,0,TRUE,TRUE,1,TRUE,TRUE,,free,,NA,TRUE,NA,FALSE,,full_bar,NA,NA,NA,NA,NA,NA,NA,NA,NA,19148
Pizano's Brick Oven Pizzeria And Grill,1536 N Carlisle St,19121,39.977253,-75.159327,2,27,0,TRUE,TRUE,1,TRUE,TRUE,TRUE,free,FALSE,NA,FALSE,TRUE,TRUE,FALSE,none,TRUE,NA,TRUE,TRUE,NA,NA,FALSE,NA,NA,19121
Villari Brothers Bakery,2134 S 10th St,19148,39.922647,-75.1632489,5,25,0,FALSE,TRUE,1,TRUE,FALSE,,no,,NA,,NA,FALSE,,NA,FALSE,NA,NA,FALSE,NA,NA,NA,NA,NA,19148
Caputo's Pizzeria,4229 Main St,19127,40.02435303,-75.22071838,3.5,57,0,TRUE,NA,2,TRUE,TRUE,TRUE,free,,NA,TRUE,TRUE,FALSE,,none,TRUE,casual,NA,TRUE,NA,average,NA,NA,NA,19127
Pizzeria Nonna,7200 Germantown Ave,19119,40.06002513,-75.19108852,3.5,166,0,TRUE,TRUE,2,TRUE,TRUE,TRUE,free,TRUE,NA,FALSE,TRUE,FALSE,,full_bar,TRUE,casual,TRUE,TRUE,NA,average,NA,NA,NA,19119
Garces Trading Company,1111 Locust St,19107,39.9477453,-75.159542,4,896,0,TRUE,TRUE,2,TRUE,TRUE,TRUE,free,,TRUE,TRUE,FALSE,TRUE,,full_bar,FALSE,casual,NA,TRUE,NA,average,NA,NA,NA,19107
Taco Bell,2951 Market Street,19104,39.9557002,-75.182516,3.5,9,0,TRUE,TRUE,1,TRUE,TRUE,,free,,NA,FALSE,TRUE,FALSE,,none,TRUE,casual,NA,FALSE,TRUE,average,NA,NA,NA,19104
La Locanda Del Ghiottone,2723 E Cumberland St,19125,39.9750224,-75.1183932,4,278,0,FALSE,TRUE,2,TRUE,TRUE,FALSE,no,,NA,TRUE,FALSE,TRUE,,none,FALSE,casual,NA,TRUE,NA,loud,NA,NA,FALSE,19125
August,1247 S 13th St,19147,39.9339277,-75.1652368,4,106,0,FALSE,TRUE,2,FALSE,FALSE,FALSE,no,,NA,FALSE,FALSE,TRUE,,none,FALSE,casual,NA,FALSE,NA,average,NA,NA,NA,19147
Cibo Ristorante Italiano,1227 Walnut St,19107,39.9492784,-75.1617775,3.5,100,0,TRUE,TRUE,2,FALSE,FALSE,None,free,None,TRUE,TRUE,TRUE,TRUE,None,full_bar,FALSE,casual,TRUE,TRUE,NA,average,FALSE,NA,NA,19107
Evil Eye Café,628 S St,19147,39.9419294,-75.1531842,4.5,28,0,FALSE,TRUE,1,TRUE,FALSE,TRUE,no,,NA,FALSE,FALSE,FALSE,,none,TRUE,casual,NA,TRUE,NA,quiet,FALSE,NA,NA,19147
Bella Trattoria,4258 Main St,19127,40.024636,-75.222067,3,62,0,TRUE,NA,2,TRUE,FALSE,,NA,,TRUE,TRUE,TRUE,TRUE,,full_bar,TRUE,casual,NA,TRUE,NA,average,NA,NA,NA,19127
Pizza Fresca by Lamberti,703 Chestnut St,19106,39.94954342,-75.152518,4,41,0,TRUE,TRUE,1,TRUE,TRUE,TRUE,free,,NA,TRUE,TRUE,FALSE,,none,TRUE,casual,FALSE,TRUE,NA,average,NA,NA,NA,19106
Trios Fresh Italian,342 W Girard Ave,19123,39.9698199,-75.1426312,3.5,217,0,TRUE,TRUE,2,TRUE,TRUE,TRUE,free,,NA,TRUE,TRUE,FALSE,,none,TRUE,casual,NA,TRUE,NA,average,NA,NA,NA,19123
Di Bruno's Pizza,8004 Bustleton Ave,19152,40.05980209,-75.05206202,3.5,19,0,NA,NA,NA,TRUE,TRUE,,NA,,NA,,NA,TRUE,,NA,NA,NA,NA,NA,NA,NA,NA,NA,NA,19152
Penne Restaurant & Wine Bar,3600 Sansom St,19104,39.95341585,-75.19599765,2.5,85,0,TRUE,FALSE,3,TRUE,FALSE,FALSE,no,,TRUE,TRUE,FALSE,TRUE,,full_bar,FALSE,casual,NA,TRUE,NA,average,NA,NA,NA,19104
Tony Roni's - City Line,4504 City Ave,19131,40.0030401,-75.2218196,3.5,27,0,TRUE,FALSE,1,TRUE,TRUE,TRUE,free,,NA,FALSE,TRUE,FALSE,,none,TRUE,casual,NA,TRUE,NA,quiet,NA,NA,NA,19131
Moonstruck Restaurant,7955 Oxford Ave,19111,40.07628014,-75.0849152,4,72,0,TRUE,FALSE,3,TRUE,TRUE,TRUE,free,,FALSE,TRUE,TRUE,TRUE,FALSE,full_bar,FALSE,dressy,TRUE,TRUE,NA,average,FALSE,NA,NA,19111
Il Cantuccio,701 N 3rd St,19123,39.962428,-75.1429472,3.5,84,0,TRUE,TRUE,2,TRUE,FALSE,FALSE,no,,NA,TRUE,FALSE,TRUE,,none,FALSE,casual,NA,FALSE,NA,average,NA,NA,NA,19123
Amis Trattoria,412 S 13th St,19147,39.94486802,-75.16325011,4,762,0,TRUE,TRUE,3,TRUE,TRUE,FALSE,free,,NA,TRUE,FALSE,TRUE,,full_bar,TRUE,casual,NA,TRUE,NA,average,FALSE,NA,NA,19147
Chicks Cafe & Wine Bar Inc,614 S 7th St,19147,39.941738,-75.154264,4,75,0,TRUE,NA,2,TRUE,FALSE,FALSE,no,,NA,TRUE,FALSE,TRUE,,full_bar,FALSE,casual,NA,TRUE,NA,average,NA,NA,NA,19147
Superior Pasta Company,905 Christian St,19147,39.9391539,-75.1580381,5,60,0,TRUE,TRUE,2,TRUE,TRUE,TRUE,no,TRUE,NA,FALSE,FALSE,FALSE,,none,TRUE,casual,FALSE,FALSE,NA,quiet,NA,NA,NA,19147
Upstares At Varalli,1343 Locust St,19107,39.9481142,-75.1637236,2,8,0,TRUE,NA,3,TRUE,FALSE,,NA,,NA,FALSE,NA,TRUE,,full_bar,FALSE,casual,NA,TRUE,NA,NA,NA,NA,NA,19107
Colosseo Pizzeria,1501 Spring Garden St,19130,39.9628456,-75.1631989,2.5,34,0,TRUE,NA,2,TRUE,TRUE,,NA,,NA,FALSE,TRUE,FALSE,,none,TRUE,casual,NA,TRUE,NA,average,NA,NA,NA,19130
La Fuente Pizzateria,517 S St,19147,39.936529,-75.155448,4,34,0,TRUE,NA,2,TRUE,TRUE,TRUE,no,,NA,TRUE,TRUE,TRUE,,none,TRUE,casual,NA,TRUE,NA,average,NA,NA,NA,19147
Royal Villa Cafe,1700 Jackson St,19145,39.9236019,-75.1749492,3.5,5,0,NA,NA,NA,,,,NA,,NA,,NA,,,full_bar,NA,NA,NA,NA,NA,NA,NA,NA,NA,19145
Italian Bistro of Center City,211 S Broad St,19107,39.94898,-75.1640456,2.5,40,0,TRUE,NA,2,,TRUE,,NA,,NA,FALSE,NA,TRUE,,full_bar,TRUE,casual,NA,TRUE,NA,average,NA,NA,NA,19107
Ristorante Mezza Luna,901 S 8th St,19147,39.9383377,-75.1562457,4,8,0,NA,NA,3,,FALSE,,no,,NA,,NA,TRUE,,NA,TRUE,casual,NA,TRUE,NA,NA,NA,NA,NA,19147
Malone's Back Room Cafe,1739 Ritner St,19145,39.9216198,-75.1767548,4,6,0,NA,NA,2,,,,NA,,NA,,TRUE,,,NA,NA,casual,NA,NA,NA,average,NA,NA,NA,19145
Pizza Hut,6242 Stenton Ave,19138,40.05868945,-75.16465902,2,26,0,TRUE,FALSE,1,TRUE,TRUE,FALSE,NA,,NA,FALSE,TRUE,FALSE,,none,TRUE,casual,NA,FALSE,NA,quiet,NA,NA,NA,19138
Gigi Italian Bistro,4371 Main St,19127,40.02576209,-75.22385303,4.5,38,0,TRUE,TRUE,2,TRUE,TRUE,FALSE,no,,NA,FALSE,TRUE,TRUE,,none,TRUE,casual,TRUE,TRUE,NA,loud,NA,NA,NA,19127
Santini's South Philly Grille,8601 Frankford Ave,19136,40.0462521,-75.0150748,4,7,0,FALSE,NA,1,TRUE,TRUE,FALSE,no,,NA,TRUE,TRUE,FALSE,,none,TRUE,casual,NA,TRUE,NA,average,NA,NA,NA,19136
Bistro Sorriso,444 N 4th St,19123,39.9588922,-75.1458732,4.5,6,0,NA,NA,NA,None,None,,NA,,NA,,NA,None,,NA,NA,NA,NA,NA,NA,NA,NA,NA,NA,19123
Illuminare,2321 Fairmount Ave,19130,39.9675,-75.176079,3,27,0,TRUE,NA,2,TRUE,TRUE,FALSE,NA,,TRUE,TRUE,TRUE,TRUE,,full_bar,TRUE,casual,NA,TRUE,NA,average,NA,NA,NA,19130
Tredici Enoteca,114 S 13th St,19107,39.9498038,-75.1620581,4.5,352,0,TRUE,TRUE,2,None,None,FALSE,no,,TRUE,None,TRUE,TRUE,FALSE,full_bar,FALSE,casual,TRUE,TRUE,NA,average,NA,no,NA,19107
Rimedio,4443 Spruce St,19104,39.953125,-75.211986,3,24,0,TRUE,NA,2,FALSE,FALSE,,no,,NA,TRUE,FALSE,TRUE,,none,FALSE,casual,NA,TRUE,NA,average,NA,NA,NA,19104
Iannelli's Bakery,1155 E Passyunk Ave,19147,39.9345,-75.1576049,4,63,0,TRUE,TRUE,1,TRUE,TRUE,TRUE,no,,NA,TRUE,FALSE,TRUE,,none,TRUE,casual,NA,FALSE,NA,average,NA,NA,NA,19147
Noche,"1901 Chestnut St, 2nd Fl",19103,39.952089,-75.1719899,3,109,0,TRUE,NA,2,FALSE,FALSE,FALSE,no,,NA,FALSE,TRUE,FALSE,,full_bar,FALSE,casual,NA,TRUE,NA,loud,NA,NA,FALSE,19103
Bridgid's,726 N 24th St,19130,39.968481,-75.176917,4,244,0,TRUE,TRUE,2,TRUE,TRUE,TRUE,free,,TRUE,TRUE,TRUE,TRUE,,full_bar,FALSE,casual,TRUE,TRUE,NA,average,NA,NA,NA,19130
943,943 S 9th St,19147,39.9381888,-75.1579923,3.5,80,0,FALSE,NA,2,TRUE,FALSE,FALSE,free,,NA,FALSE,FALSE,TRUE,,none,FALSE,casual,NA,TRUE,NA,average,NA,NA,NA,19147
Matteo Italian Food Products,1138 W Ritner St,19148,39.9199972,-75.1667435,4.5,14,0,TRUE,TRUE,2,TRUE,FALSE,TRUE,no,,NA,FALSE,TRUE,FALSE,,none,TRUE,casual,NA,TRUE,NA,quiet,NA,NA,NA,19148
La Fourno Ristorante Trattoria,636 South St,19147,39.942059,-75.153412,4,273,0,TRUE,TRUE,2,TRUE,TRUE,TRUE,no,,NA,FALSE,TRUE,TRUE,,full_bar,TRUE,casual,TRUE,TRUE,NA,average,NA,NA,NA,19147
Alessandros Pizza & Grill,655 N Broad St,19123,39.965232,-75.160402,3.5,26,0,TRUE,NA,2,TRUE,TRUE,TRUE,free,,NA,FALSE,TRUE,FALSE,,full_bar,TRUE,casual,NA,TRUE,NA,quiet,NA,NA,NA,19123
Not Just Pizza,1030 N American St,19123,39.967145,-75.140957,3,62,0,TRUE,TRUE,1,TRUE,TRUE,TRUE,NA,,NA,FALSE,NA,FALSE,,none,TRUE,casual,NA,FALSE,NA,average,NA,NA,NA,19123
Trattoria Alla Costiera,769 E Passyunk Ave,19147,39.93888,-75.1524835,3,19,0,TRUE,NA,2,TRUE,TRUE,,NA,,NA,TRUE,TRUE,FALSE,,none,TRUE,casual,NA,TRUE,NA,quiet,NA,NA,NA,19147
Pasiano's,7100 Tulip St,19135,40.0263918,-75.0371183,3.5,12,0,TRUE,TRUE,2,TRUE,FALSE,,no,,NA,TRUE,FALSE,TRUE,,none,TRUE,casual,NA,TRUE,NA,average,NA,NA,NA,19135
Basilico Wood Fired Pizza,8500 Henry Ave,19128,40.06344696,-75.23645183,3.5,210,0,TRUE,TRUE,2,TRUE,TRUE,TRUE,free,,NA,TRUE,FALSE,TRUE,,none,TRUE,casual,NA,TRUE,NA,average,FALSE,NA,NA,19128
Karina's,1520 E Passyunk Ave,19147,39.930591,-75.162923,4,37,0,TRUE,NA,2,FALSE,FALSE,FALSE,no,,NA,FALSE,FALSE,TRUE,,none,TRUE,casual,NA,TRUE,NA,average,NA,NA,NA,19147
Palma's Cucina,2229 Spruce St,19103,39.9488763,-75.178877,4.5,9,0,NA,NA,NA,,,,NA,,NA,,NA,,,NA,NA,NA,NA,NA,NA,NA,NA,NA,NA,19103
Ristorante La Veranda,31 N Columbus Blvd,19106,39.9511009,-75.1402397,3.5,87,0,TRUE,TRUE,3,TRUE,FALSE,FALSE,no,TRUE,TRUE,TRUE,TRUE,TRUE,,full_bar,TRUE,dressy,TRUE,TRUE,NA,average,NA,NA,NA,19106
Vesuvio Restaurant & Bar,736 S 8th St,19147,39.9404603,-75.1561091,2.5,41,0,TRUE,NA,2,TRUE,TRUE,,NA,,TRUE,TRUE,NA,FALSE,,full_bar,FALSE,casual,NA,TRUE,NA,NA,NA,NA,NA,19147
Gaetano's,2843 Tyson Ave,19149,40.0394382,-75.0563171,3,5,0,NA,NA,NA,,,,NA,,NA,,NA,,,NA,NA,NA,NA,NA,NA,NA,NA,NA,NA,19149
Davios,111 S 17th St,19103,39.951001,-75.16874,4,614,0,TRUE,FALSE,3,TRUE,None,TRUE,free,,TRUE,FALSE,TRUE,TRUE,FALSE,full_bar,TRUE,dressy,NA,TRUE,NA,average,NA,no,NA,19103
Mama Palma's Gourmet Pizza,2229 Spruce St,19103,39.9488739,-75.178877,3.5,231,0,TRUE,TRUE,2,TRUE,FALSE,FALSE,no,TRUE,NA,TRUE,FALSE,FALSE,,beer_and_wine,TRUE,casual,TRUE,TRUE,NA,average,NA,NA,NA,19103
Pizza Hut,477 Franklin Mills Cir,19154,40.08714627,-74.965258,2.5,12,0,TRUE,FALSE,1,TRUE,FALSE,FALSE,NA,,NA,FALSE,TRUE,FALSE,,NA,TRUE,casual,NA,FALSE,NA,NA,NA,NA,NA,19154
Kris,1100 Federal St,19147,39.9347726,-75.1621924,4,46,0,TRUE,NA,2,,,TRUE,no,,NA,TRUE,TRUE,TRUE,,full_bar,TRUE,casual,NA,TRUE,NA,average,NA,NA,NA,19147
Le Castagne,1920 Chestnut St,19103,39.9518596,-75.1728701,3.5,119,0,TRUE,TRUE,3,FALSE,TRUE,FALSE,no,,TRUE,FALSE,TRUE,TRUE,,full_bar,FALSE,dressy,NA,TRUE,NA,average,NA,NA,NA,19103
Root,1206 Frankford Ave,19125,39.96958885,-75.13433809,4.5,160,0,TRUE,TRUE,2,TRUE,TRUE,TRUE,free,TRUE,TRUE,TRUE,FALSE,TRUE,TRUE,full_bar,FALSE,casual,TRUE,TRUE,NA,average,FALSE,no,NA,19125
Medusa Pizzeria,2327 Gaul St,19125,39.9769736,-75.1241144,4,122,0,FALSE,TRUE,2,TRUE,FALSE,FALSE,no,TRUE,NA,TRUE,TRUE,FALSE,FALSE,beer_and_wine,TRUE,casual,TRUE,TRUE,NA,average,FALSE,NA,NA,19125
Tony Luke's,4307 Main St,19127,40.02494094,-75.22205198,3,61,0,TRUE,FALSE,1,TRUE,FALSE,,no,,NA,FALSE,TRUE,FALSE,FALSE,none,TRUE,casual,FALSE,FALSE,NA,average,NA,NA,NA,19127
Il Pittore,2025 Sansom St,19103,39.9516,-75.174548,4,191,0,TRUE,TRUE,4,FALSE,FALSE,FALSE,no,,NA,FALSE,FALSE,TRUE,,full_bar,FALSE,dressy,NA,TRUE,NA,average,NA,NA,NA,19103
Aladdin Pizzeria & Eatery,4746 Spruce St,19139,39.9533259,-75.217555,3,57,0,TRUE,TRUE,1,TRUE,TRUE,TRUE,free,,NA,FALSE,TRUE,FALSE,,none,TRUE,casual,NA,TRUE,NA,average,NA,NA,NA,19139
Spiga,1305 Locust St,19107,39.948202,-75.162588,3.5,45,0,TRUE,NA,2,TRUE,FALSE,,no,,TRUE,FALSE,TRUE,TRUE,,full_bar,FALSE,casual,TRUE,TRUE,NA,average,NA,NA,NA,19107
Bacio,311 W Mt Pleasant Ave,19119,40.0541409,-75.1944474,4,183,0,TRUE,TRUE,2,TRUE,FALSE,TRUE,no,,NA,TRUE,FALSE,TRUE,,none,TRUE,casual,TRUE,TRUE,NA,average,NA,NA,FALSE,19119
Ulivo,521 Catharine St,19147,39.9387161,-75.1526154,4,96,0,TRUE,TRUE,3,FALSE,FALSE,TRUE,no,,NA,FALSE,FALSE,TRUE,,none,FALSE,casual,TRUE,TRUE,NA,average,NA,NA,NA,19147
Aprons Restaurant,1621-1623 W Cecil B Moore Ave,19121,39.9794398,-75.1619746,4,6,0,TRUE,NA,2,TRUE,FALSE,,NA,,NA,FALSE,NA,TRUE,,none,TRUE,casual,NA,FALSE,NA,NA,NA,NA,TRUE,19121
Mannino's Manayunk,5154 Ridge Ave,19128,40.01834203,-75.21113329,4,5,0,TRUE,NA,NA,TRUE,TRUE,,NA,,NA,,NA,FALSE,,NA,TRUE,NA,NA,NA,NA,NA,NA,NA,NA,19128
Villa Fresh Italian Kitchen,"8500 Essington Ave, Terminal B",19153,39.87448883,-75.24714107,2.5,23,0,TRUE,FALSE,1,TRUE,FALSE,FALSE,no,,NA,FALSE,TRUE,FALSE,,beer_and_wine,TRUE,casual,NA,FALSE,NA,average,NA,NA,NA,19153
Pete's Pizza Joint,215 Chestnut St,19106,39.94862,-75.144761,4,73,0,FALSE,TRUE,1,TRUE,FALSE,FALSE,no,,NA,TRUE,TRUE,FALSE,,none,TRUE,casual,FALSE,TRUE,NA,average,NA,NA,NA,19106
Palladino's,1934 E Passyunk Ave,19148,39.9259194,-75.1684683,3.5,102,0,TRUE,TRUE,3,TRUE,TRUE,TRUE,free,TRUE,TRUE,TRUE,TRUE,TRUE,,full_bar,FALSE,casual,TRUE,TRUE,NA,average,NA,no,NA,19148
Zavino,3200 Chestnut St,19104,39.95364796,-75.18918773,4,314,0,TRUE,TRUE,2,TRUE,TRUE,FALSE,free,TRUE,TRUE,TRUE,TRUE,FALSE,,full_bar,TRUE,casual,TRUE,TRUE,NA,average,NA,no,NA,19104
La Casa Bella,4452 Main St,19127,40.0265248,-75.2265609,3,35,0,TRUE,FALSE,1,TRUE,TRUE,,no,,NA,TRUE,TRUE,FALSE,,none,TRUE,casual,NA,FALSE,NA,average,NA,NA,NA,19127
C19 Cichetteria Venezia,267 S 19th St,19103,39.9482333,-75.1726372,3.5,116,0,TRUE,NA,2,TRUE,FALSE,FALSE,no,,TRUE,TRUE,TRUE,TRUE,,full_bar,FALSE,casual,NA,TRUE,NA,average,NA,NA,NA,19103
Brigantessa,1520 E Passyunk Ave,19147,39.930511,-75.162822,3.5,215,0,TRUE,TRUE,3,TRUE,FALSE,FALSE,no,,TRUE,FALSE,TRUE,TRUE,,full_bar,FALSE,casual,TRUE,TRUE,NA,average,NA,no,NA,19147
Pandora's Lunchbox,1221 Walnut St,19107,39.94911617,-75.16154358,4,103,0,TRUE,TRUE,1,TRUE,TRUE,TRUE,no,,NA,FALSE,TRUE,FALSE,,beer_and_wine,TRUE,casual,TRUE,TRUE,NA,average,NA,NA,NA,19107
Gianfranco Pizza Rustica,248 S 11th St,19107,39.947168,-75.1594219,3,39,0,TRUE,NA,1,TRUE,TRUE,TRUE,paid,,NA,FALSE,TRUE,FALSE,,none,TRUE,casual,NA,FALSE,NA,quiet,NA,NA,NA,19107
Franco's Osteria,3900 City Ave,19131,40.0085168,-75.2102466,3.5,18,0,TRUE,NA,2,TRUE,,TRUE,NA,,TRUE,TRUE,NA,TRUE,,full_bar,TRUE,casual,NA,TRUE,NA,average,NA,NA,NA,19131
Res Ipsa Cafe,2218 Walnut St,19103,39.9508611,-75.1783641,4,205,0,TRUE,FALSE,1,TRUE,FALSE,FALSE,free,,NA,FALSE,TRUE,TRUE,FALSE,none,TRUE,casual,TRUE,FALSE,NA,average,NA,NA,NA,19103
JC's Deli,2300 S Croskey St,19145,39.923563,-75.1840635,4,11,0,TRUE,TRUE,1,TRUE,TRUE,TRUE,no,,NA,FALSE,FALSE,FALSE,,none,TRUE,casual,NA,TRUE,NA,quiet,FALSE,NA,NA,19145
Alla Spina,1410 Mt Vernon St,19130,39.96448439,-75.16186006,3.5,395,0,TRUE,TRUE,2,TRUE,TRUE,TRUE,free,,TRUE,TRUE,TRUE,TRUE,,full_bar,FALSE,casual,NA,TRUE,NA,average,FALSE,no,NA,19130
Bufad,1240 Spring Garden St,19123,39.96184281,-75.15924633,4,266,0,TRUE,TRUE,2,TRUE,TRUE,TRUE,no,,NA,TRUE,FALSE,TRUE,,none,TRUE,casual,NA,TRUE,NA,average,FALSE,NA,NA,19123
Gusto Pizzeria,240 S 22nd St,19103,39.94936,-75.177899,4,171,0,TRUE,TRUE,1,FALSE,FALSE,FALSE,no,FALSE,FALSE,FALSE,TRUE,TRUE,,none,TRUE,casual,TRUE,TRUE,NA,average,NA,NA,NA,19103
Hosteria Da Elio,615 S 3rd St,19147,39.9409538,-75.1474829,3.5,61,0,TRUE,NA,2,TRUE,TRUE,FALSE,no,,NA,TRUE,FALSE,TRUE,,none,FALSE,casual,NA,TRUE,NA,average,NA,NA,NA,19147
Da Vinci Ristorante,1533 S 11th St,19147,39.9299439,-75.1628404,4,56,0,TRUE,NA,2,TRUE,TRUE,TRUE,no,,NA,TRUE,FALSE,TRUE,,none,TRUE,casual,NA,TRUE,NA,average,NA,NA,NA,19147
Pasto,11 N Juniper St,19102,39.9528088,-75.1621988,4.5,5,0,TRUE,NA,1,TRUE,,,NA,,NA,TRUE,NA,FALSE,,none,TRUE,casual,NA,TRUE,NA,NA,NA,NA,NA,19102
New Tower Pizzeria,1410 S St,19146,39.94364457,-75.16600963,1.5,21,0,TRUE,TRUE,1,TRUE,TRUE,,free,,NA,FALSE,TRUE,FALSE,,NA,TRUE,casual,NA,TRUE,NA,NA,NA,NA,NA,19146
Tacconelli's Pizzeria at Rivers Casino Philadelphia,1001 N Delaware Ave,19125,39.9638134,-75.1324645,2.5,12,0,TRUE,TRUE,1,TRUE,FALSE,FALSE,free,TRUE,FALSE,FALSE,FALSE,FALSE,FALSE,none,FALSE,casual,FALSE,TRUE,NA,NA,FALSE,NA,NA,19125
The Greyhound Cafe,1839 Poplar St,19130,39.9713,-75.16743,5,41,0,TRUE,TRUE,NA,TRUE,FALSE,TRUE,free,FALSE,NA,FALSE,TRUE,,FALSE,none,NA,NA,FALSE,NA,NA,average,NA,NA,FALSE,19130
Pizza Hut,33 S 40th St,19104,39.95609695,-75.2022102,2,27,0,TRUE,TRUE,1,TRUE,TRUE,FALSE,free,,NA,FALSE,TRUE,FALSE,,none,TRUE,casual,FALSE,TRUE,NA,very_loud,NA,NA,NA,19104
Buca di Beppo,258 S 15th St,19102,39.9475882,-75.166371,3,51,0,TRUE,NA,2,TRUE,TRUE,TRUE,no,,NA,FALSE,TRUE,TRUE,,full_bar,TRUE,casual,NA,TRUE,NA,average,NA,NA,NA,19102
Franco's Trattoria,4116 Ridge Ave,19176,40.007985,-75.1917269,3,24,0,TRUE,NA,2,TRUE,,,NA,,NA,TRUE,NA,TRUE,,full_bar,TRUE,casual,NA,TRUE,NA,NA,NA,NA,NA,19176
Matt & Marie's,1107 Walnut St,19107,39.9489623,-75.1593518,4.5,46,0,TRUE,TRUE,1,TRUE,TRUE,TRUE,free,TRUE,NA,TRUE,FALSE,FALSE,,none,TRUE,casual,FALSE,TRUE,NA,quiet,NA,NA,NA,19107
13th Street Gourmet Pizza,209 S 13th St,19107,39.94839792,-75.16224578,2.5,154,0,TRUE,TRUE,1,TRUE,TRUE,FALSE,no,,TRUE,FALSE,FALSE,FALSE,,none,TRUE,casual,NA,TRUE,NA,average,NA,NA,NA,19107
Novi,2001 Hamilton St,19130,39.9628296,-75.1719117,2,8,0,TRUE,NA,2,TRUE,,,NA,,NA,TRUE,NA,TRUE,,full_bar,FALSE,casual,NA,TRUE,NA,NA,NA,NA,NA,19130
Criniti,2611 S Broad St,19148,39.9178251,-75.1709144,4,51,0,TRUE,TRUE,2,TRUE,FALSE,TRUE,no,,NA,FALSE,TRUE,FALSE,,full_bar,TRUE,casual,NA,TRUE,NA,average,FALSE,NA,NA,19148
Agiato,4359 Main St,19127,40.0257796,-75.2239011,4,127,0,TRUE,NA,2,TRUE,FALSE,FALSE,free,,NA,TRUE,FALSE,TRUE,,none,FALSE,casual,NA,TRUE,NA,average,NA,NA,NA,19127
Bocelli,8630 Germantown Ave,19118,40.077039,-75.208761,3.5,9,0,TRUE,NA,2,TRUE,FALSE,,NA,,NA,TRUE,NA,TRUE,,none,NA,casual,NA,TRUE,NA,average,NA,NA,NA,19118
Medora's Mecca,3101 S 13th St,19148,39.9111935,-75.1701086,3.5,9,0,NA,NA,2,TRUE,FALSE,,NA,,NA,,NA,,,full_bar,TRUE,NA,NA,NA,NA,average,NA,NA,NA,19148
Dolce Restaurant,241 Chestnut St,19176,39.9487765,-75.1456726,3,40,0,TRUE,NA,3,TRUE,FALSE,,NA,,TRUE,TRUE,FALSE,TRUE,,full_bar,FALSE,dressy,NA,TRUE,NA,loud,NA,NA,NA,19176
Gemelli on Main,4161 Main St,19127,40.023536,-75.219756,3,21,0,TRUE,TRUE,3,TRUE,FALSE,FALSE,NA,,TRUE,TRUE,FALSE,TRUE,,full_bar,FALSE,dressy,NA,TRUE,NA,average,NA,NA,NA,19127
Moda,110 Chestnut St,19106,39.9480619,-75.1430228,2.5,5,0,TRUE,NA,3,FALSE,FALSE,,NA,,NA,,NA,FALSE,,full_bar,FALSE,dressy,NA,TRUE,NA,NA,NA,NA,NA,19106
Chiarella's Ristorante,1600 S 11th St,19148,39.9297224,-75.1632703,4,110,0,TRUE,TRUE,2,TRUE,FALSE,FALSE,free,,NA,TRUE,FALSE,TRUE,,none,TRUE,casual,NA,TRUE,NA,average,NA,NA,NA,19148
Pizza House & Steaks,1901 1/2 E Washington Ln,19138,40.0661423,-75.1594233,2,10,0,TRUE,NA,2,TRUE,TRUE,,no,FALSE,NA,FALSE,NA,FALSE,,NA,TRUE,casual,FALSE,TRUE,NA,NA,NA,NA,NA,19138
Pizza Hut,3000 Island Ave,19153,39.902128,-75.2409345,2,15,0,TRUE,NA,1,TRUE,TRUE,FALSE,free,,NA,FALSE,TRUE,TRUE,,none,TRUE,casual,NA,TRUE,NA,quiet,NA,NA,NA,19153
DeNofa's Italian Deli,6946 Torresdale Ave,19135,40.0268798,-75.0418688,4.5,25,0,TRUE,TRUE,1,FALSE,FALSE,TRUE,no,TRUE,NA,FALSE,FALSE,FALSE,FALSE,none,TRUE,casual,FALSE,TRUE,NA,NA,FALSE,NA,NA,19135
Pat Bombino's,767 S 9th St,19147,39.9397984,-75.1575767,4,8,0,TRUE,NA,2,,,,NA,,NA,TRUE,NA,,,full_bar,TRUE,casual,NA,TRUE,NA,NA,NA,NA,NA,19147
Pizza Hut,1401 66th Ave,19126,40.054088,-75.141911,2,19,0,TRUE,FALSE,1,TRUE,TRUE,FALSE,NA,,NA,FALSE,TRUE,FALSE,,NA,TRUE,casual,NA,FALSE,NA,average,NA,NA,NA,19126
Apollinare Restaurant,1001 N 2nd St,19123,39.9668211,-75.1399137,2.5,41,0,TRUE,NA,2,TRUE,TRUE,TRUE,NA,,NA,TRUE,NA,TRUE,,full_bar,TRUE,casual,NA,TRUE,NA,loud,NA,NA,NA,19123
Torero Tapas Bar,940 S 9th St,19147,39.93776,-75.158289,4.5,35,0,FALSE,NA,2,TRUE,TRUE,FALSE,no,,TRUE,TRUE,TRUE,TRUE,,full_bar,TRUE,casual,TRUE,TRUE,NA,quiet,NA,NA,NA,19147
Nina's Trattoria,910 S 9th St,19147,39.9386103,-75.1581065,3.5,180,0,FALSE,TRUE,2,TRUE,TRUE,TRUE,free,,NA,TRUE,FALSE,TRUE,,none,FALSE,casual,NA,TRUE,NA,average,NA,NA,NA,19147
Cucina Forte,768 S 8th St,19147,39.9397045,-75.1562596,4,140,0,TRUE,TRUE,2,TRUE,TRUE,TRUE,free,,NA,FALSE,FALSE,TRUE,,none,FALSE,casual,NA,TRUE,NA,average,NA,NA,NA,19147
All Star Pizza & Restaurant,5154 Ridge Ave,19128,40.018057,-75.211658,2.5,40,0,TRUE,FALSE,1,TRUE,TRUE,TRUE,free,,NA,FALSE,TRUE,FALSE,,none,TRUE,casual,NA,TRUE,NA,quiet,NA,NA,NA,19128
Tiramisu,1519 Walnut St,19102,39.9499551,-75.1668474,3.5,49,0,TRUE,NA,3,FALSE,FALSE,TRUE,no,,NA,FALSE,FALSE,TRUE,,full_bar,FALSE,dressy,NA,TRUE,NA,average,NA,NA,NA,19102
L'Oca Italian Bistro,2025 Fairmount Ave,19130,39.967476,-75.171166,3,52,0,TRUE,NA,2,FALSE,FALSE,FALSE,no,,NA,TRUE,FALSE,TRUE,,none,FALSE,casual,NA,FALSE,NA,loud,NA,NA,NA,19130
Benny Casanova's,3300 Fairmount Ave,19104,39.96616716,-75.1910783,4,10,0,NA,NA,NA,None,None,TRUE,NA,,NA,FALSE,NA,,,NA,NA,NA,NA,NA,NA,NA,NA,NA,NA,19104
Luigi's Pizzaria,716 Sansom St,19106,39.9484491,-75.1532384,4,7,0,NA,NA,NA,None,None,,NA,,NA,,NA,,,NA,NA,NA,NA,NA,NA,NA,NA,NA,NA,19106
La Stanza,2001 W Oregon Ave,19145,39.91807233,-75.18105268,3.5,25,0,TRUE,NA,3,TRUE,FALSE,,no,,NA,FALSE,TRUE,TRUE,,full_bar,TRUE,casual,NA,TRUE,NA,average,NA,NA,NA,19145
Paesano's Philly Style,1017 S 9th St,19147,39.937135,-75.158062,4.5,387,0,FALSE,TRUE,1,TRUE,TRUE,TRUE,no,,NA,FALSE,FALSE,FALSE,,none,TRUE,casual,NA,FALSE,NA,average,NA,NA,NA,19147
Pizza Hut,"8045 Frankford Ave, Ste E",19136,40.0416891,-75.0259754,1.5,11,0,TRUE,TRUE,1,TRUE,TRUE,FALSE,NA,,NA,FALSE,TRUE,FALSE,,NA,TRUE,casual,NA,TRUE,NA,NA,NA,NA,NA,19136
Liquid Room Restaurant & Bar,1361 N 2nd St,19122,39.9723048,-75.1389466,3.5,26,0,TRUE,TRUE,2,TRUE,FALSE,FALSE,free,,NA,TRUE,TRUE,TRUE,,full_bar,FALSE,casual,NA,TRUE,NA,average,NA,NA,NA,19122
Porta,1216 Chestnut St,19107,39.95038804,-75.16097862,3,286,0,TRUE,TRUE,2,TRUE,FALSE,TRUE,no,TRUE,TRUE,TRUE,FALSE,TRUE,FALSE,full_bar,FALSE,casual,TRUE,TRUE,NA,NA,NA,NA,NA,19107
Caffe Valentino,1245 S 3rd St,19147,39.9319033,-75.1495444,3.5,106,0,TRUE,TRUE,3,TRUE,TRUE,TRUE,no,TRUE,TRUE,TRUE,TRUE,TRUE,FALSE,none,TRUE,casual,TRUE,TRUE,NA,average,NA,NA,FALSE,19147
Tata Cafe,7201 Germantown Ave,19119,40.0604141,-75.1910841,4,21,0,TRUE,TRUE,1,TRUE,FALSE,,free,,NA,TRUE,TRUE,FALSE,,none,TRUE,casual,FALSE,TRUE,NA,quiet,NA,NA,NA,19119
